Price,Close,Reversal,Volatility,CombinedFactor,Position,Signal,CleanSignal,Trade,Return,StrategyReturn,CumulativeReturn,Benchmark
Ticker,TQQQ,,,,,,,,,,,
Date,,,,,,,,,,,,
2022-01-03,82.29700469970703,,,,0.0,,,,,,,
2022-01-04,79.09899139404297,,,,0.0,,,0.0,-0.03885941313822139,-0.0,1.0,0.9611405868617786
2022-01-05,71.82293701171875,,,,0.0,,,0.0,-0.09198668976798341,-0.0,1.0,0.8727284458747067
2022-01-06,71.62576293945312,,,,0.0,,,0.0,-0.002745279996464789,-0.0,1.0,0.870332561929901
2022-01-07,69.28375244140625,,,,0.0,,,0.0,-0.03269787855560613,-0.0,1.0,0.8418745335169276
2022-01-10,69.53864288330078,0.15502826455179197,0.03799145903287544,0.11703680551891654,0.0,,,0.0,0.003678935290205132,0.0,1.0,0.844971735448208
2022-01-11,72.59717559814453,0.082198466520372,0.050531472679961026,0.03166699384041097,0.0,,,0.0,0.043983209738167606,0.0,1.0,0.88213630451125
2022-01-12,73.4243392944336,-0.022296530180234253,0.02758193326987986,-0.04987846345011411,0.0,,,0.0,0.011393882605953642,0.0,1.0,0.892187262007301
2022-01-13,68.0959243774414,0.0492816888386316,0.044683177212182824,0.004598511626448774,0.0,,,0.0,-0.07257014456235145,-0.0,1.0,0.8274411034267427
2022-01-14,69.12508392333984,0.0022901259310484923,0.043509212982516206,-0.041219087051467714,0.0,,,0.0,0.01511337947619329,0.0,1.0,0.8399465348170312
2022-01-18,64.14290618896484,0.07759335630680941,0.053977275151372676,0.023616081155436737,0.0,,,0.0,-0.07207481642843672,-0.0,1.0,0.7794075425103921
2022-01-19,61.9115104675293,0.14719119638709943,0.04287303903025081,0.10431815735684863,0.0,,,0.0,-0.034787879970107016,-0.0,1.0,0.7522936064737445
2022-01-20,59.5166130065918,0.1894157498928446,0.03589635103954766,0.15351939885329693,0.0,,,0.0,-0.03868258814640857,-0.0,1.0,0.7231929427293443
2022-01-21,54.505592346191406,0.19957629117304643,0.03874795450669876,0.16082833666634766,0.0,,,0.0,-0.0841953264350811,-0.0,1.0,0.6623034768407002
2022-01-24,55.294281005859375,0.20008370525551789,0.03850730371447239,0.1615764015410455,0.0,,,0.0,0.01446986677364448,0.0,1.0,0.6718869199143067
2022-01-25,51.21621322631836,0.20152958028693735,0.0388292751781232,0.16270030510881414,0.0,,,0.0,-0.07375207173973153,-0.0,1.0,0.6223338675957996
2022-01-26,51.12003707885742,0.17430479901361273,0.04319569573825312,0.13110910327535963,0.0,,,0.0,-0.0018778457328726406,-0.0,1.0,0.6211652205981126
2022-01-27,49.590763092041016,0.16677444184284207,0.04327842129383558,0.12349602054900649,0.0,,,0.0,-0.02991535363046316,-0.0,1.0,0.6025828433609755
2022-01-28,54.2170524597168,0.005293766640346753,0.06174366315045542,-0.05644989651010867,0.0,,,0.0,0.09328933614288881,0.0,1.0,0.6587973967892152
2022-01-31,59.46852111816406,-0.07549135347039515,0.07581396254177822,-0.15130531601217337,0.0,,,0.0,0.09686009143247132,0.0,1.0,0.7226085728776928
2022-02-01,60.60344696044922,-0.18328636856945657,0.057119192497265645,-0.24040556106672223,0.0,,,0.0,0.01908448067894697,0.0,1.0,0.7363991822252185
2022-02-02,62.03654861450195,-0.21354662788692425,0.05400021757520647,-0.2675468454621307,0.0,,,0.0,0.0236471970808525,0.0,1.0,0.7538129588174769
2022-02-03,54.57292556762695,-0.10046553359824273,0.08796058395705367,-0.1884261175552964,0.0,,,0.0,-0.12031009483223043,-0.0,1.0,0.663121650256382
2022-02-04,56.458065032958984,-0.04133409087311146,0.07967688927424944,-0.1210109801473609,0.0,,,0.0,0.03454349287167968,0.0,1.0,0.6860281882550698
2022-02-07,55.17885971069336,0.07213331232749398,0.06372096358656237,0.008412348740931608,0.0,,,0.0,-0.022657618916249622,-0.0,1.0,0.6704844229997813
2022-02-08,57.05438232421875,0.058562091996955945,0.06591618591044014,-0.007354093913484197,0.0,,,0.0,0.03398987625621275,0.0,1.0,0.6932741055692621
2022-02-09,60.59383010864258,0.023255944085872615,0.07272245653632209,-0.049466512450449474,0.0,,,0.0,0.06203638774512488,0.0,1.0,0.7362823267960115
2022-02-10,56.573482513427734,-0.03665841486400945,0.051882451836800854,-0.0885408667008103,0.0,,,0.0,-0.06634912478723498,-0.0,1.0,0.6874306388167871
2022-02-11,51.24506378173828,0.09233404028596215,0.06570915473945543,0.026624885546506716,0.0,,,0.0,-0.09418580039552549,-0.0,1.0,0.6226844338834207
2022-02-14,51.38934326171875,0.0686769619532428,0.06618858223245926,0.002488379720783543,0.0,,,0.0,0.002815480542574411,0.0,1.0,0.6244375897911834
2022-02-15,55.11153030395508,0.034052634365983825,0.074611906528293,-0.04055927216230917,0.0,,,0.0,0.07243110742396053,0.0,1.0,0.6696662959369075
2022-02-16,55.1019172668457,0.09063485229354329,0.06531963173600382,0.025315220557539472,0.0,,,0.0,-0.00017442878207807322,-0.0,1.0,0.6695494868605085
2022-02-17,50.215938568115234,0.11237674724732627,0.07011475821809855,0.04226198902922772,0.0,,,0.0,-0.08867166409235483,-0.0,1.0,0.6101794196684049
2022-02-18,48.51354217529297,0.05330311653195208,0.05876846524871544,-0.005465348716763366,0.0,,,0.0,-0.03390151496447802,-0.0,1.0,0.5894934129415
2022-02-22,47.013126373291016,0.08515806217137811,0.05893783423503478,0.026220227936343335,0.0,,,0.0,-0.03092777263265034,-0.0,1.0,0.5712616946976002
2022-02-23,43.41596221923828,0.21221635509325465,0.03614380525090314,0.17607254984235152,0.0,,,0.0,-0.076514038345179,-0.0,1.0,0.5275521554843761
2022-02-24,47.66714859008789,0.1349275859268737,0.07402839257249215,0.060899193354381556,0.0,,,0.0,0.09791758960407981,0.0,1.0,0.5792087909398429
2022-02-25,49.92739486694336,0.00574605811221629,0.07034433828499645,-0.06459828017278016,0.0,,,0.0,0.04741727465790713,0.0,1.0,0.6066732932641118
2022-02-28,50.45639419555664,-0.04004762244001081,0.0676188100762719,-0.10766643251628272,0.0,,,0.0,0.010595372140346226,0.0,1.0,0.6131012225738545
2022-03-01,48.128814697265625,-0.02373142162714048,0.07019499526662822,-0.0939264168937687,0.0,,,0.0,-0.04613051597127382,-0.0,1.0,0.5848185468339038
2022-03-02,50.427528381347656,-0.16149742637749132,0.053368057464915415,-0.21486548384240672,0.0,,,0.0,0.047761693250522264,0.0,1.0,0.6127504708750009
2022-03-03,48.3211784362793,-0.013720767143336365,0.04596381087361414,-0.059684578016950506,0.0,,,0.0,-0.041769843033739984,-0.0,1.0,0.5871559798877019
2022-03-04,46.253292083740234,0.0735889143223799,0.04198514665576224,0.03160376766661767,0.0,,,0.0,-0.04279461758710967,-0.0,1.0,0.562028864264423
2022-03-07,41.08838653564453,0.18566542079095072,0.056746754204072054,0.12891866658687867,0.0,,,0.0,-0.11166568508777264,-0.0,1.0,0.4992695260972334
2022-03-08,40.52092361450195,0.1580735185484612,0.05755504149483502,0.10051847705362617,0.0,,,0.0,-0.013810786185295965,-0.0,1.0,0.4923742214234705
2022-03-09,44.858673095703125,0.11043284222719041,0.07995974180622467,0.030473100420965737,0.0,,,0.0,0.10704962015349384,0.0,1.0,0.5450826948002253
2022-03-10,43.41596221923828,0.10151276056956016,0.07943746440948689,0.02207529616007327,0.0,,,0.0,-0.03216124724391445,-0.0,1.0,0.5275521554843761
2022-03-11,40.722900390625,0.11956752576881713,0.08134037829972969,0.03822714746908744,0.0,,,0.0,-0.06202930191928224,-0.0,1.0,0.49482846355366755
2022-03-14,38.33762741088867,0.0669473629092141,0.06938033086286645,-0.0024329679536523457,0.0,,,0.0,-0.058573258703484954,-0.0,1.0,0.4658447479440906
2022-03-15,41.886695861816406,-0.03370535825658383,0.08352126831903577,-0.1172266265756196,0.0,,,0.0,0.09257402428403094,0.0,1.0,0.5089698709528551
2022-03-16,46.58992385864258,-0.03859344566982492,0.08507026518267133,-0.12366371085249625,0.0,,,0.0,0.11228453092461743,0.0,1.0,0.5661193141675595
2022-03-17,48.148048400878906,-0.10899415652116451,0.08185972438450913,-0.19085388090567362,0.0,,,0.0,0.03344338031038219,0.0,1.0,0.5850522576923178
2022-03-18,51.13926315307617,-0.2557863674378451,0.06687289708634862,-0.32265926452419375,0.0,,,0.0,0.06212535817220499,0.0,1.0,0.6213988387509103
2022-03-21,50.77378463745117,-0.3243851554316681,0.04744513578325997,-0.3718302912149281,0.0,,,0.0,-0.007146730185200512,-0.0,1.0,0.6169578689129606
2022-03-22,53.774620056152344,-0.2838114573074473,0.04367454448859174,-0.32748600179603904,0.0,,,0.0,0.05910206300610743,0.0,1.0,0.6534213517535681
2022-03-23,51.5047607421875,-0.10549141265946083,0.04496025888341713,-0.15045167154287795,0.0,,,0.0,-0.04221060625987905,-0.0,1.0,0.6258400403529003
2022-03-24,54.84223556518555,-0.13903340605980707,0.049113831074955046,-0.1881472371347621,0.0,,,0.0,0.06479934621391847,0.0,1.0,0.6663940658022606
2022-03-25,54.75566864013672,-0.07071680865317687,0.045995967062939264,-0.11671277571611613,0.0,,,0.0,-0.0015784718503303319,-0.0,1.0,0.6653421815281645
2022-03-28,57.246742248535156,-0.1274862147327398,0.045800011545726986,-0.1732862262784668,0.0,,,0.0,0.04549435100081034,0.0,1.0,0.6956114922702517
2022-03-29,60.18025207519531,-0.11911998657273837,0.04445750024155253,-0.1635774868142909,0.0,,,0.0,0.05124326226153464,0.0,1.0,0.7312568944007937
2022-03-30,58.372066497802734,-0.13333341727360426,0.04007612779625366,-0.17340954506985792,0.0,,,0.0,-0.030046161573621277,-0.0,1.0,0.709285431599803
2022-03-31,55.957923889160156,-0.02034359672753494,0.04242193103008589,-0.06276552775762083,0.0,,,0.0,-0.04135784037615753,-0.0,1.0,0.6799509179385643
2022-04-01,55.71746826171875,-0.01756529772110249,0.042540593666629066,-0.06010589138773156,0.0,,,0.0,-0.004297079139635285,-0.0,1.0,0.6770291150331147
2022-04-04,59.19921112060547,-0.03410620055187974,0.04709885382192556,-0.08120505437380529,0.0,,,0.0,0.062489250992742607,0.0,1.0,0.7193361573318134
2022-04-05,55.2846565246582,0.08134887079602215,0.04911790596776012,0.032230964828262036,0.0,0.5,0.5,0.0,-0.06612511420079936,-0.0,1.0,0.671769971779483
2022-04-06,51.64902877807617,0.1151755989310338,0.054045310411012217,0.06113028852002158,0.5,1.0,1.0,0.5,-0.06576196679381485,-0.03338098339690743,0.9666190166030926,0.6275930572022388
2022-04-07,51.98566818237305,0.0709864739559537,0.054222846559456764,0.016763627396496936,1.0,0.5,0.5,0.5,0.006517826419221384,0.006017826419221384,0.9724359620585286,0.6316835998109914
2022-04-08,49.860069274902344,0.10512679720662743,0.055142613479487575,0.04998418372713986,0.5,0.5,,0.5,-0.040888171332410406,-0.020944085666205203,0.9520691799642761,0.6058552125540458
2022-04-11,46.32061767578125,0.21754670714423707,0.0323793729880817,0.18516733415615538,0.5,1.0,1.0,0.0,-0.07098769918682646,-0.03549384959341323,0.9182765796880998,0.5628469449744884
2022-04-12,45.724300384521484,0.1729296470508519,0.03344102947635496,0.13948861757449693,1.0,1.0,,0.5,-0.0128736904035619,-0.0133736904035619,0.9059958330065094,0.5556010276602962
2022-04-13,48.46544647216797,0.06163876419801262,0.04958296023541106,0.012055803962601558,1.0,0.0,0.0,0.0,0.05994943748935766,0.05994943748935766,0.9603097735629517,0.58890899673704
2022-04-14,45.20492172241211,0.1304349197969934,0.05363753557655356,0.07679738422043983,0.0,1.0,1.0,1.0,-0.06727524426352427,-0.001,0.9593494637893887,0.5492900001325686
2022-04-18,45.3299560546875,0.09085653682585493,0.05424220175334312,0.03661433507251181,1.0,0.5,0.5,1.0,0.0027659451119765865,0.0017659451119765865,0.961043622285645,0.5508093061234929
2022-04-19,48.244232177734375,-0.04152825671318472,0.054743508203962954,-0.09627176491714767,0.5,-0.5,-0.5,0.5,0.06429029226348693,0.03164514613174346,0.9914559881518543,0.5862209973956207
2022-04-20,46.070556640625,-0.007572696644708721,0.0596819236233424,-0.06725462026805112,-0.5,-0.5,,1.0,-0.045055656168419,0.0215278280842095,1.0127998822178474,0.559808425698256
2022-04-21,43.36787414550781,0.10517951855839225,0.05472128809663796,0.05045823046175429,-0.5,1.0,1.0,0.0,-0.058663986115895184,0.029331993057947592,1.0425073213321516,0.5269678319855323
2022-04-22,39.92460250854492,0.11680850254075903,0.057493974241766464,0.059314528298992565,1.0,1.0,,1.5,-0.07939682783181934,-0.08089682783181934,0.9581717860449334,0.4851282577564699
2022-04-25,41.405784606933594,0.08656905475530707,0.06314486210461615,0.023424192650690928,1.0,0.5,0.5,0.0,0.037099482657883875,0.037099482657883875,0.993719463604581,0.5031262651419555
2022-04-26,36.750640869140625,0.23823762530307735,0.05575150321895957,0.1824861220841178,0.5,1.0,1.0,0.5,-0.11242737656065194,-0.05671368828032597,0.937361967707618,0.44656109907328645
2022-04-27,36.587135314941406,0.20584559895074317,0.05977194618220923,0.14607365276853393,1.0,1.0,,0.5,-0.004449053141179715,-0.004949053141179716,0.9327229135169122,0.44457432501272576
2022-04-28,40.45359420776367,0.067199049876555,0.08794236749429814,-0.02074331761774313,1.0,0.0,0.0,0.0,0.10567809858683552,0.10567809858683552,1.0312912975257529,0.49155609436059644
2022-04-29,35.134803771972656,0.1199711064260971,0.10032608128542311,0.019645025140673983,0.0,0.0,,1.0,-0.13147881022572416,-0.001,1.0302600062282272,0.42692688391486144
2022-05-02,36.78911590576172,0.11149815768492388,0.10186220446298402,0.009635953221939858,0.0,0.0,,0.0,0.047084712484112945,0.0,1.0302600062282272,0.447028613495731
2022-05-03,36.875675201416016,-0.003402235425515654,0.08749743405934937,-0.09089966948486503,0.0,-0.5,-0.5,0.0,0.0023528506603971433,0.0,1.0302600062282272,0.4480804050642108
2022-05-04,40.53054428100586,-0.10778129886692844,0.09680775699999541,-0.20458905586692386,-0.5,-1.0,-1.0,0.5,0.09911327886545385,-0.050056639432726924,0.9786886525745019,0.49249112320548544
2022-05-05,34.49039077758789,0.14740849476933127,0.10961215551320612,0.03779633925612515,-1.0,0.5,0.5,0.5,-0.1490271993768565,0.1485271993768565,1.1240505372033018,0.4190965503962096
2022-05-06,33.28813171386719,0.052559623502965946,0.09383552074532303,-0.041275897242357085,0.5,0.0,0.0,1.5,-0.03485779768265018,-0.018928898841325092,1.1027734982920434,0.40448776763300187
2022-05-09,29.354347229003906,0.20209152880440429,0.09895795952381367,0.10313356928059061,0.0,1.0,1.0,0.5,-0.11817378393827205,-0.0005,1.1022221115428974,0.3566879175750655
2022-05-10,30.364240646362305,0.17657804282872291,0.10333801604714231,0.0732400267815806,1.0,1.0,,1.0,0.03440353857913636,0.03340353857913636,1.1390402303685976,0.36895924410807107
2022-05-11,27.66156578063965,0.31751309361017144,0.07254916639291678,0.24496392721725466,1.0,1.0,,0.0,-0.08900847866407757,-0.08900847866407757,1.0376559923263082,0.3361187431009636
2022-05-12,27.440351486206055,0.20440589777147444,0.06134044100477074,0.1430654567667037,1.0,1.0,,0.0,-0.007997171822732518,-0.007997171822732518,1.0293576790627867,0.33343074375954435
2022-05-13,30.421951293945312,0.08610217132515974,0.09206159454570399,-0.005959423220544255,1.0,0.0,0.0,0.0,0.1086574932991684,0.1086574932991684,1.1412051041779991,0.3696604925653338
2022-05-16,29.479379653930664,-0.004259417658016185,0.07397811822351111,-0.07823753588152729,0.0,-0.5,-0.5,1.0,-0.030983273587787297,-0.001,1.1400638990738212,0.3582072003895858
2022-05-17,31.701154708862305,-0.04402922760593264,0.08031979416319324,-0.12434902176912588,-0.5,-1.0,-1.0,0.5,0.07536708984428708,-0.03818354492214354,1.096532217969422,0.38520423464421827
2022-05-18,27.074865341186523,0.021209950445529646,0.09975878548772096,-0.07854883504219132,-1.0,-0.5,-0.5,0.5,-0.14593441185858336,0.14543441185858336,1.2560057361737926,0.32898968121597855
2022-05-19,26.52663230895996,0.03329837730779106,0.10014855992270524,-0.06685018261491418,-0.5,-0.5,,0.5,-0.020248781492278933,0.009624390746139466,1.268094026158122,0.3223280410478217
2022-05-20,26.295801162719727,0.13563068625538122,0.0790832391258241,0.056547447129557116,-0.5,0.5,0.5,0.0,-0.008701863981515179,0.004350931990757589,1.2736114170238217,0.31952318627719534
2022-05-23,27.594240188598633,0.06394773185400715,0.08572950541353966,-0.021781773559532508,0.5,0.0,0.0,1.0,0.04937818847366926,0.02368909423683463,1.3037821179028075,0.335300662390898
2022-05-24,25.872608184814453,0.18385912366840174,0.07254706796748718,0.11131205570091456,0.0,1.0,1.0,0.5,-0.06239099145391658,-0.0005,1.3031302268438563,0.3143809216291749
2022-05-25,26.91135597229004,0.0060391572344314914,0.04590159163778186,-0.03986243440335037,1.0,0.0,0.0,1.0,0.04014855325197808,0.03914855325197808,1.354145889923715,0.3270028608026098
2022-05-26,29.161983489990234,-0.09934737098685997,0.05685328571854294,-0.1562006567054029,0.0,-1.0,-1.0,1.0,0.08363114515736814,-0.001,1.3527917440337913,0.35435048452126755
2022-05-27,32.0185546875,-0.21762993602543568,0.0628871355649183,-0.280517071590354,-1.0,-1.0,,1.0,0.09795531221291154,-0.09895531221291154,1.2189258146438784,0.3890609968653448
2022-05-31,31.7877197265625,-0.15196937872913518,0.06617579178923001,-0.21814517051836518,-1.0,-1.0,,0.0,-0.007209412267057069,0.007209412267057069,1.2277135533646044,0.38625609574191033
2022-06-01,31.047121047973633,-0.19999966088445165,0.053578269801644963,-0.25357793068609663,-1.0,-1.0,,0.0,-0.023298263762216553,0.023298263762216553,1.2563171475553412,0.37725699934355134
2022-06-02,33.56706619262695,-0.2473197644589198,0.05697484362904914,-0.30429460808796893,-1.0,-1.0,,0.0,0.08116517923705491,-0.08116517923705491,1.1543479410954263,0.4078771313137042
2022-06-03,30.9124698638916,-0.06002631386518065,0.07427166812170335,-0.134297981986884,-1.0,-0.5,-0.5,0.0,-0.07908335847707881,0.07908335847707881,1.245637653128354,0.37562083792341994
2022-06-06,31.29719352722168,0.022529472904657344,0.058181971643646586,-0.03565249873898924,-0.5,0.0,0.0,0.5,0.012445581508822467,-0.006722790754411234,1.2372634918305563,0.38029565767820805
2022-06-07,32.05702590942383,-0.008472019546475584,0.059331676453600254,-0.06780369600007584,0.0,0.0,,0.5,0.02427797181051594,-0.0005,1.2366448600846411,0.3895284649349812
2022-06-08,31.40299415588379,-0.011462354508176897,0.05902285059316612,-0.07048520510134301,0.0,0.0,,0.0,-0.02040213447710293,-0.0,1.2366448600846411,0.38158125281071825
2022-06-09,28.844587326049805,0.14068786469085126,0.04972812061655527,0.090959744074296,0.0,1.0,1.0,0.0,-0.0814701559072395,-0.0,1.2366448600846411,0.3504937686529493
2022-06-10,25.766807556152344,0.1664591127915609,0.057612391424973416,0.10884672136658748,1.0,1.0,,1.0,-0.10670215992717258,-0.10770215992717258,1.1034555375906892,0.3130953264966649
2022-06-13,22.198501586914062,0.2907191001772652,0.06589549180299793,0.2248236083742673,1.0,1.0,,0.0,-0.13848459734338636,-0.13848459734338636,0.9506439417811127,0.26973644627667814
2022-06-14,22.342775344848633,0.30303031204524467,0.06013113608780481,0.24289917595743987,1.0,1.0,,0.0,0.00649925659935624,0.00649925659935624,0.9568224206933716,0.27148953265522874
2022-06-15,23.948989868164062,0.23736603747777074,0.08672324496312583,0.1506427925146449,1.0,1.0,,0.0,0.07188966001422736,0.07188966001422736,1.0256080592110082,0.2910068228552346
2022-06-16,21.025100708007812,0.2710902579278762,0.09217944236886914,0.17891081555900706,1.0,1.0,,0.0,-0.12208820398070497,-0.12208820398070497,0.9003934132737996,0.2554783225067078
2022-06-17,21.804161071777344,0.15378880273543383,0.09546506647052272,0.05832373626491111,1.0,0.5,0.5,0.0,0.03705382317016981,0.03705382317016981,0.9337564315928326,0.264944771092683
2022-06-21,23.448850631713867,-0.056325830818098055,0.08098195926397742,-0.13730779008207547,0.5,-1.0,-1.0,0.5,0.07543007752154973,0.037215038760774866,0.9685062133876826,0.28492957571513333
2022-06-22,23.362287521362305,-0.045630507435985734,0.08133774730027707,-0.1269682547362628,-1.0,-1.0,,1.5,-0.003691571570441421,0.002191571570441421,0.970628764070739,0.2838777377938454
2022-06-23,24.362567901611328,-0.017269122235382683,0.07687776677668241,-0.0941468890120651,-1.0,-0.5,-0.5,0.0,0.042816029009761,-0.042816029009761,0.9290702947505777,0.296032255250452
2022-06-24,26.91135597229004,-0.27996323756206,0.041000513216019406,-0.32096375077807937,-0.5,-1.0,-1.0,0.5,0.10461902378156673,-0.05280951189078337,0.8800065459725733,0.3270028608026099
2022-06-27,26.276567459106445,-0.20511710460248112,0.053355750462135663,-0.25847285506461676,-1.0,-1.0,,0.5,-0.02358812814327227,0.02308812814327227,0.9003242498729065,0.3192894754187813
2022-06-28,23.88166618347168,-0.018457857852207216,0.07329206410875906,-0.09174992196096628,-1.0,-0.5,-0.5,0.0,-0.0911420899766261,0.0911420899766261,0.9823816836629614,0.29018876532157295
2022-06-29,23.929758071899414,-0.02429002511069256,0.07315157537762236,-0.09744160048831492,-0.5,-0.5,,0.5,0.002013757669095062,-0.001506878834547531,0.9809013534964026,0.2907731351732245
2022-06-30,23.0833683013916,0.052506763875868834,0.0719124748067487,-0.019405710930879866,-0.5,0.0,0.0,0.0,-0.035369758773354354,0.017684879386677177,0.998248475623215,0.2804885595243756
2022-07-01,23.45846939086914,0.12830593096000997,0.04155191544869627,0.0867540155113137,0.0,0.5,0.5,0.5,0.016249842075903853,-0.0005,0.9977493513854034,0.2850464543207445
2022-07-05,24.670345306396484,0.06112754853576985,0.054438919309913764,0.006688629225856085,0.5,0.0,0.0,0.5,0.05166048540230195,0.025330242701150973,1.0230225846109118,0.2997720925131592
2022-07-06,25.141632080078125,-0.05275870983735875,0.031531917445277,-0.08429062728263575,0.0,-0.5,-0.5,0.5,0.0191033715916189,-0.0005,1.0225110733186065,0.3054987501892353
2022-07-07,26.69976234436035,-0.11575563213544315,0.038104460948036906,-0.15386009308348006,-0.5,-1.0,-1.0,0.5,0.06197410968864148,-0.03148705484432074,0.9903152110740983,0.32443176324320583
2022-07-08,26.82479476928711,-0.16208321155929184,0.024685948398101204,-0.18676915995739304,-1.0,-1.0,,0.5,0.004682904039150282,-0.005182904039150282,0.9851825023665904,0.32595104605772607
2022-07-11,25.112777709960938,-0.07052072714239888,0.04971514526191303,-0.12023587240431191,-1.0,-0.5,-0.5,0.0,-0.06382218667657191,0.06382218667657191,1.0480590039431232,0.305148137548806
2022-07-12,24.381803512573242,0.011695896033868225,0.04779619707798754,-0.036100301044119314,-0.5,0.0,0.0,0.5,-0.02910766008563659,0.014053830042818294,1.0627882470593855,0.29626598928527026
2022-07-13,24.227914810180664,0.03634279854972011,0.046397021672987225,-0.010054223123267113,0.0,0.0,,0.5,-0.0063116209723050876,-0.0005,1.0622568529358558,0.29439607065391665
2022-07-14,24.477985382080078,0.08321336098894405,0.030288839280243174,0.05292452170870088,0.0,0.5,0.5,0.0,0.01032158870702049,0.0,1.0622568529358558,0.2974347058121693
2022-07-15,25.766807556152344,0.03944064520285173,0.043520386331355174,-0.004079741128503442,0.5,0.0,0.0,0.5,0.052652297726094366,0.025826148863047182,1.0896908565505692,0.31309532649666494
2022-07-18,25.170486450195312,-0.0022979831582503607,0.03277803324867281,-0.03507601640692317,0.0,0.0,,0.5,-0.023142995291810853,-0.0005,1.089146011122294,0.30584936282966463
2022-07-19,27.37302017211914,-0.12268233799863837,0.04522702706409261,-0.16790936506273096,0.0,-1.0,-1.0,0.0,0.08750461483062577,0.0,1.089146011122294,0.33261259352026673
2022-07-20,28.74840545654297,-0.1865819110632987,0.04268804959324436,-0.22926996065654304,-1.0,-1.0,,1.0,0.05024601873580359,-0.05124601873580359,1.033331614230295,0.34932505212605025
2022-07-21,29.96990203857422,-0.22436146483340424,0.040298805199813034,-0.2646602700332173,-1.0,-1.0,,0.0,0.04248919418775077,-0.04248919418775077,0.9894261866129221,0.36416759210048016
2022-07-22,28.402158737182617,-0.1022769768931282,0.05714677721944254,-0.15942375411257076,-1.0,-1.0,,0.0,-0.05231059145184258,0.05231059145184258,1.041183655632585,0.3451177699701107
2022-07-25,27.978961944580078,-0.11157811748858637,0.055655974939120514,-0.16723409242770687,-1.0,-1.0,,0.0,-0.014900162924887494,0.014900162924887494,1.0566974617362406,0.33997545896928216
2022-07-26,26.286182403564453,0.0397047078371604,0.0517305503370975,-0.0120258424999371,-1.0,0.5,0.5,0.0,-0.060501870811670355,0.060501870811670355,1.1206296350532265,0.31940630767158434
2022-07-27,29.565940856933594,-0.028437591143148477,0.07694034598488676,-0.10537793712803524,0.5,-0.5,-0.5,1.5,0.12477119739245213,0.06088559869622606,1.1888598413001754,0.3592590151344699
2022-07-28,30.412334442138672,-0.014762557548402944,0.07562127881659333,-0.09038383636499628,-0.5,0.0,0.0,1.0,0.0286273178080374,-0.015313658904018701,1.1706540472058187,0.36954363713612687
2022-07-29,32.08588409423828,-0.12969878068574858,0.07028314404468546,-0.19998192473043402,0.0,-1.0,-1.0,0.5,0.05502864817180142,-0.0005,1.1700687201822157,0.38987912392821866
2022-08-01,32.03779602050781,-0.14506735753697209,0.06853849658312523,-0.2136058541200973,-1.0,-1.0,,1.0,-0.0014987298959638906,0.0004987298959638906,1.170652268433303,0.38929480042937525
2022-08-02,31.73963165283203,-0.2074644832612924,0.054068273134291044,-0.26153275639558343,-1.0,-1.0,,0.0,-0.009306644173804002,0.009306644173804002,1.1815471125468684,0.38567177224306703
2022-08-03,34.2787971496582,-0.15940153284922043,0.03762930669149737,-0.1970308395407178,-1.0,-1.0,,0.0,0.07999984135290394,-0.07999984135290394,1.0870235309921372,0.4165254528368057
2022-08-04,34.76932144165039,-0.14326381316768533,0.03835192947089448,-0.18161574263857982,-1.0,-0.5,-0.5,0.0,0.014309845524934861,-0.014309845524934861,1.0714683921816706,0.4224858677241039
2022-08-05,33.942169189453125,-0.05785363712474978,0.040454882347427695,-0.09830851947217747,-0.5,0.0,0.0,0.5,-0.023789715125312028,0.011394857562656013,1.083677621893469,0.41243504928647723
2022-08-08,33.59592056274414,-0.048633949140538535,0.04135494177179358,-0.08998889091233211,0.0,0.0,,0.5,-0.01020113431102021,-0.0005,1.0831357830825223,0.40822774395413364
2022-08-09,32.44174575805664,-0.022121053984001104,0.045607486012614024,-0.06772853999661513,0.0,0.5,0.5,0.0,-0.03435461167173404,-0.0,1.0831357830825223,0.3942032383369613
2022-08-10,35.10594940185547,-0.024130142273837363,0.046479525547914916,-0.07060966782175228,0.5,0.0,0.0,0.5,0.08212269659185023,0.040561348295925115,1.1270692308319121,0.4265762712744324
2022-08-11,34.57695770263672,0.00553257098607729,0.046960394496293495,-0.041427823510216205,0.0,0.5,0.5,0.5,-0.015068434502750971,-0.0005,1.1265056962164963,0.4201484346703059
2022-08-12,36.529422760009766,-0.07622534541370984,0.0504899193667624,-0.12671526478047224,0.5,-0.5,-0.5,0.5,0.05646723098556938,0.02773361549278469,1.1577477720457965,0.44387305337905947
2022-08-15,37.40467071533203,-0.11336942369162428,0.04835939952888839,-0.16172882322051269,-0.5,-0.5,,1.0,0.023960081742119277,-0.01298004087105964,1.1427201586462639,0.4545082880211458
2022-08-16,37.164215087890625,-0.1455676696640531,0.041218805729128054,-0.18678647539318116,-0.5,-0.5,,0.0,-0.006428492026340549,0.0032142460131702744,1.146393142360362,0.45158648511569616
2022-08-17,35.87539291381836,-0.021917752548296532,0.035763225832356214,-0.057680978380652746,-0.5,0.5,0.5,0.0,-0.03467911729130557,0.017339558645652786,1.1662710934832936,0.4359258644312005
2022-08-18,36.1158447265625,-0.044506142997318365,0.03401439277205577,-0.07852053576937414,0.5,0.0,0.0,1.0,0.006702416146960877,0.0023512080734804383,1.1690132394941584,0.43884762098384206
2022-08-19,33.999874114990234,0.0692468824825978,0.03294864441235246,0.03629823807024535,0.0,1.0,1.0,0.5,-0.05858842919479079,-0.0005,1.1684287328744114,0.41313622821452783
2022-08-22,31.326053619384766,0.1625095737965062,0.03540588277036586,0.12710369102614036,1.0,1.0,,1.0,-0.0786420704548022,-0.0796420704548022,1.0753726494094122,0.3806463398478497
2022-08-23,31.220251083374023,0.15993783241377668,0.036027740773920076,0.12391009163985661,1.0,1.0,,0.0,-0.00337746137117223,-0.00337746137117223,1.0717406198264168,0.37936072153893546
2022-08-24,31.46070098876953,0.123056266886164,0.04045783265772545,0.08259843422843854,1.0,1.0,,0.0,0.007701728751424275,0.007701728751424275,1.079994875372203,0.38228245491517293
2022-08-25,33.115013122558594,0.08308906040336506,0.052826537407761526,0.03026252299560353,1.0,0.5,0.5,0.0,0.0525834479778311,0.0525834479778311,1.1367847297176614,0.40238418449604246
2022-08-26,29.085041046142578,0.1445544490025259,0.070206522082044,0.0743479269204819,0.5,1.0,1.0,0.5,-0.12169622465499552,-0.06134811232749776,1.0670451324267582,0.3534155483819949
2022-08-29,28.19055938720703,0.10009221941181479,0.06474150236240404,0.03535071704941074,1.0,0.5,0.5,0.5,-0.03075401054158655,-0.03125401054158655,1.0336956926095437,0.34254660288149447
2022-08-30,27.247989654541016,0.12723348759191722,0.06430970186711238,0.06292378572480484,0.5,1.0,1.0,0.5,-0.03343565197552467,-0.017217825987762336,1.0158977000498932,0.33109333388215056
2022-08-31,26.747852325439453,0.14980113332542766,0.06199929821230751,0.08780183511312015,1.0,1.0,,0.5,-0.01835501757900193,-0.01885501757900193,0.9967429310569849,0.3250161099184533
2022-09-01,26.776702880859375,0.19140292103286038,0.047320211645201754,0.14408270938765863,1.0,1.0,,0.0,0.001078612034674853,0.001078612034674853,0.9978180299779,0.32536667620607457
2022-09-02,25.661006927490234,0.1177249195976795,0.01662527518910541,0.1010996444085741,1.0,1.0,,0.0,-0.04166666666666663,-0.04166666666666663,0.956242278728821,0.3118097313641548
2022-09-06,25.074310302734375,0.11054229331422283,0.01626890937064083,0.094273383943582,1.0,1.0,,0.0,-0.02286335163751274,-0.02286335163751274,0.9343793752595875,0.30468071583197776
2022-09-07,26.55548667907715,0.025414828185258753,0.038674852987118376,-0.013260024801859623,1.0,0.5,0.5,0.0,0.059071470300072315,0.059071470300072315,0.9895745387742343,0.3226786536882512
2022-09-08,26.988300323486328,-0.008989431940978232,0.03868680535410654,-0.04767623729508477,0.5,0.0,0.0,0.5,0.016298464028911663,0.007649232014455831,0.9971440240169166,0.3279378201182868
2022-09-09,28.7003173828125,-0.07183910993493425,0.04726156025377653,-0.11910067018871079,0.0,-0.5,-0.5,0.5,0.06343552720273782,-0.0005,0.9966454520049082,0.34874072862720695
2022-09-12,29.748687744140625,-0.15929541768181044,0.035308453547044705,-0.19460387122885514,-0.5,-1.0,-1.0,0.5,0.036528180066606186,-0.018764090033303094,0.977944307012206,0.361479592759061
2022-09-13,24.853090286254883,0.008822576326470988,0.09509462564145937,-0.08627204931498839,-1.0,0.0,0.0,0.5,-0.16456515662106785,0.16406515662106785,1.1383908929088453,0.3019926469613463
2022-09-14,25.410938262939453,0.043100261349737434,0.09093376842215557,-0.04783350707241814,0.0,0.0,,1.0,0.022445819423634772,-0.001,1.1372525020159365,0.30877111938230617
2022-09-15,24.13173484802246,0.10584458603263602,0.0918789271022606,0.013965658930375421,0.0,0.5,0.5,0.0,-0.050340660454188946,-0.0,1.1372525020159365,0.29322737730342163
2022-09-16,23.660449981689453,0.1756031939960785,0.08012187098454729,0.0954813230115312,0.5,1.0,1.0,0.5,-0.019529671998348985,-0.010264835999174493,1.1255787915930922,0.2875007428037497
2022-09-19,24.227914810180664,0.18558038530783083,0.07747106414003335,0.10810932116779748,1.0,1.0,,0.5,0.023983687078240834,0.023483687078240834,1.152011531716769,0.29439607065391665
2022-09-20,23.650833129882812,0.04837455392969714,0.032075166349116564,0.016299387580580575,1.0,0.5,0.5,0.0,-0.02381887524449111,-0.02381887524449111,1.1245719127625922,0.2873838873745426
2022-09-21,22.35239028930664,0.12036344120726727,0.031491585276881666,0.0888718559303856,0.5,1.0,1.0,0.5,-0.05490051168369159,-0.027950255841845795,1.0931398400883237,0.27160636490803186
2022-09-22,21.525238037109375,0.10801116568404046,0.029288154325259944,0.07872301135878051,1.0,1.0,,0.5,-0.03700509169227306,-0.03750509169227306,1.0521415301533343,0.2615555464704052
2022-09-23,20.496103286743164,0.13373992030562143,0.03129270974439775,0.10244721056122369,1.0,1.0,,0.0,-0.04781060950833571,-0.04781060950833571,1.0018380023076705,0.24905041637336928
2022-09-26,20.217180252075195,0.1655418796676692,0.016925228525339932,0.14861665114232928,1.0,1.0,,0.0,-0.013608588460245263,-0.013608588460245263,0.9882044012304312,0.24566119175109136
2022-09-27,20.23641586303711,0.14436773741097475,0.023515253531079146,0.12085248387989561,1.0,1.0,,0.0,0.0009514487540833727,0.0009514487540833727,0.9891446270767615,0.24589492578590957
2022-09-28,21.419437408447266,0.04173839436338489,0.04169683977981997,4.155458356491781e-05,1.0,0.5,0.5,0.0,0.058460033309110315,0.058460033309110315,1.0469700549231966,0.26026995133789504
2022-09-29,19.611242294311523,0.08891867952856713,0.0536705304870833,0.03524814904148384,0.5,0.5,,0.5,-0.08441842237287878,-0.04270921118643939,1.0022547897416039,0.23829837265488402
2022-09-30,18.582107543945312,0.09338339663987838,0.05437001660329796,0.03901338003658042,0.5,0.5,,0.0,-0.05247677505186521,-0.026238387525932605,0.9759572401686415,0.22579324255784813
2022-10-03,19.870929718017578,0.017126549288300263,0.0672609149540847,-0.05013436566578444,0.5,0.0,0.0,0.0,0.06935823458261114,0.03467911729130557,1.0098025757717488,0.24145386324234377
2022-10-04,21.717599868774414,-0.07319398927963161,0.07959056973379458,-0.1527845590134262,0.0,-0.5,-0.5,0.5,0.09293325360022808,-0.0005,1.009297674483863,0.2638929563477993
2022-10-05,21.717599868774414,-0.01392018168551723,0.0761551737704942,-0.09007535545601143,-0.5,-0.5,,0.5,0.0,-0.0005,1.0087930256466213,0.2638929563477993
2022-10-06,21.169370651245117,-0.07945077285519786,0.06206397173120802,-0.1415147445864059,-0.5,-0.5,,0.0,-0.025243545366057774,0.012621772683028887,1.0215257819005579,0.25723136253245055
2022-10-07,18.755233764648438,-0.009316823739917268,0.08213317854339905,-0.09145000228331632,-0.5,-0.5,,0.0,-0.1140391429848524,0.0570195714924262,1.0797727442529934,0.227896918400424
2022-10-10,18.168529510498047,0.08567290165471786,0.07424956738124841,0.011423334273469449,-0.5,0.5,0.5,0.0,-0.031282161636196903,0.015641080818098452,1.0966615570110345,0.22076781016263075
2022-10-11,17.447175979614258,0.196634246646204,0.04287933254801194,0.15375491409819206,0.5,1.0,1.0,1.0,-0.03970346254312873,-0.020851731271564367,1.0737942649283851,0.21200256368111017
2022-10-12,17.408702850341797,0.1984057651153226,0.04234669963471089,0.15605906548061171,1.0,1.0,,0.5,-0.00220512072082113,-0.00270512072082113,1.0708895218124286,0.21153507243506975
2022-10-13,18.572492599487305,0.12267148110069448,0.06545145898393627,0.05722002211675821,1.0,0.5,0.5,0.0,0.06685103187470731,0.06685103187470731,1.1424795913694012,0.22567641030504512
2022-10-14,16.898948669433594,0.09897424465664284,0.05763676339409076,0.04133748126255208,0.5,0.5,,0.5,-0.09010874125209822,-0.04555437062604911,1.0904346526314626,0.20534099304216546
2022-10-17,18.5628719329834,-0.021704696698623627,0.07688160384617816,-0.09858630054480179,0.5,-0.5,-0.5,0.0,0.09846312312667527,0.049231561563337634,1.144118453363285,0.22555950852302997
2022-10-18,19.024539947509766,-0.09040798176957354,0.0724418703036176,-0.16284985207319114,-0.5,-1.0,-1.0,1.0,0.024870505824373668,-0.013435252912186835,1.1287469325808492,0.23116928759349484
2022-10-19,18.7937068939209,-0.07955814143567319,0.07331885607296215,-0.15287699750863534,-1.0,-1.0,,0.5,-0.012133436825581767,0.011633436825581767,1.1418781387130976,0.22836440964646443
2022-10-20,18.476308822631836,0.005178829731132817,0.06866954152012301,-0.0634907117889902,-1.0,0.0,0.0,0.0,-0.016888529393407237,0.016888529393407237,1.1611627812224428,0.224507670601742
2022-10-21,19.78436851501465,-0.17074552399819587,0.050759190429742036,-0.2215047144279379,0.0,-1.0,-1.0,1.0,0.07079659172943442,-0.001,1.1600016184412203,0.24040204849745989
2022-10-24,20.45763397216797,-0.10207267744049164,0.0360350226581437,-0.13810770009863535,-1.0,-0.5,-0.5,1.0,0.03403017168035305,-0.03503017168035305,1.119366562597737,0.248582971480137
2022-10-25,21.688745498657227,-0.14004047185888435,0.04039127054257821,-0.18043174240146256,-0.5,-1.0,-1.0,0.5,0.06017858801091802,-0.03058929400545901,1.0851259297145546,0.26354234370736995
2022-10-26,20.255651473999023,-0.07778904866027325,0.05722041965146167,-0.13500946831173494,-1.0,-0.5,-0.5,0.5,-0.06607546871472703,0.06557546871472703,1.1562835711700903,0.2461286598207278
2022-10-27,19.139957427978516,-0.035918895474066126,0.0648208385200168,-0.10073973399408293,-0.5,-0.5,,0.5,-0.05508063008749231,0.027040315043746155,1.1875498432144374,0.23257173815521207
2022-10-28,20.871212005615234,-0.05493445442930178,0.06991854619156161,-0.1248530006208634,-0.5,-0.5,,0.0,0.09045237347842772,-0.04522618673921386,1.133841492243097,0.2536084038753544
2022-10-31,20.14985466003418,0.015044716928287682,0.0714008310464265,-0.05635611411813882,-0.5,0.0,0.0,0.0,-0.034562312212006674,0.017281156106003337,1.1534355840700137,0.2448431110410257
2022-11-01,19.524681091308594,0.09977821942180165,0.06301629735133844,0.03676192207046321,0.0,0.5,0.5,0.5,-0.031026207348560875,-0.0005,1.1528588662779786,0.23724655791000013
2022-11-02,17.504884719848633,0.13580243309781403,0.07159081147973594,0.0642116216180781,0.5,0.5,,0.5,-0.10344836681399483,-0.052224183406997415,1.0926517534030944,0.21270378896196876
2022-11-03,16.49498748779297,0.13819100434984077,0.07185837383478734,0.06633263051505343,0.5,0.5,,0.0,-0.05769230978771034,-0.02884615489385517,1.0611329516793861,0.20043241607615508
2022-11-04,17.264434814453125,0.17281110412714573,0.05449134309540931,0.11831976103173641,0.5,1.0,1.0,0.0,0.046647342244398926,0.023323671122199463,1.085882467661285,0.20978205558573126
2022-11-07,17.81266212463379,0.11599054061844172,0.062426842588215674,0.053563698030226044,1.0,0.5,0.5,0.5,0.031754720966695515,0.031254720966695515,1.1198214211906654,0.21644362622467597
2022-11-08,18.197383880615234,0.06798048093518949,0.06506373310859143,0.002916747826598065,0.5,0.0,0.0,0.5,0.021598217789658758,0.010299108894829379,1.1313545839502708,0.22111842280306002
2022-11-09,16.92780113220215,0.03296700303270972,0.05407378881325262,-0.021106785780542904,0.0,-0.5,-0.5,0.5,-0.06976732242075245,-0.0005,1.1307889066582957,0.20569158250619066
2022-11-10,20.630756378173828,-0.2507288285875642,0.10484671419863076,-0.35557554278619496,-0.5,-1.0,-1.0,0.5,0.2187499260566963,-0.10987496302834815,1.006543517346349,0.2506866009699047
2022-11-11,21.804161071777344,-0.26295249778601115,0.10486969790700493,-0.3678221956930161,-1.0,-1.0,,0.5,0.05687647472028279,-0.05737647472028279,0.9487915986684617,0.2649447710926831
2022-11-14,21.22707748413086,-0.19168473165923627,0.11072653746349224,-0.30241126912272853,-1.0,-1.0,,0.0,-0.02646667238178879,0.02646667238178879,0.9739029550690136,0.25793256463690506
2022-11-15,22.083086013793945,-0.21353081072922553,0.11025581209255045,-0.32378662282177595,-1.0,-1.0,,0.0,0.04032625453518168,-0.04032625453518168,0.9346290966103349,0.2683340188913651
2022-11-16,21.1886043548584,-0.2517044706149594,0.10326610688761007,-0.35497057750256944,-1.0,-1.0,,0.0,-0.04050528347246485,0.04050528347246485,0.9724865131101502,0.2574650733908646
2022-11-17,21.025100708007812,-0.01911439031150497,0.04230978268402415,-0.06142417299552912,-1.0,-0.5,-0.5,0.0,-0.0077165840709605416,0.0077165840709605416,0.9799907870464399,0.255478322506708
2022-11-18,21.005861282348633,0.03661226803456363,0.030736192879441442,0.005876075155122191,-0.5,0.0,0.0,0.5,-0.0009150693700055168,-4.246531499724161e-05,0.9799491714289736,0.2552445421190817
2022-11-21,20.371068954467773,0.04032625453518168,0.031368085448130585,0.008958169087051097,0.0,0.0,,0.5,-0.030219771488935843,-0.0005,0.9794591968432592,0.247531110382445
2022-11-22,21.22707748413086,0.03876308452217181,0.032020496598938415,0.006742587923233394,0.0,0.0,,0.0,0.042020795844164294,0.0,0.9794591968432592,0.257932564636905
2022-11-23,21.86187171936035,-0.03177497456776002,0.029218520615779724,-0.06099349518353974,0.0,-0.5,-0.5,0.0,0.029904928537810127,0.0,0.9794591968432592,0.26564601954994577
2022-11-25,21.409820556640625,-0.01829812156316013,0.0313080603131692,-0.04960618187632933,-0.5,0.0,0.0,0.5,-0.020677605674513266,0.009838802837256633,0.9890959027681379,0.26015309590868796
2022-11-28,20.46725082397461,0.025640960450720507,0.03818798957756207,-0.012547029126841566,0.0,0.0,,0.5,-0.04402511128817754,-0.0005,0.9886013548167538,0.24869982690934406
2022-11-29,19.976730346679688,0.0193577768878741,0.03722947136672115,-0.017871694478847046,0.0,0.0,,0.0,-0.023966114526741578,-0.0,0.9886013548167538,0.24273945837485392
2022-11-30,22.660167694091797,-0.06751236532830762,0.07200089476514891,-0.13951326009345655,0.0,-0.5,-0.5,0.0,0.1343281558514966,0.0,0.9886013548167538,0.2753462021707392
2022-12-01,22.78520393371582,-0.042234819882223995,0.0715730877964164,-0.1138079076786404,-0.5,-0.5,,0.5,0.005517886774360603,-0.0032589433871803015,0.9853795589689164,0.2768655313380675
2022-12-02,22.515899658203125,-0.0516622312941073,0.07072115479739435,-0.12238338609150165,-0.5,-0.5,,0.0,-0.011819261144035642,0.005909630572017821,0.9912027881356406,0.2735931853214007
2022-12-05,21.380966186523438,-0.04464279889893841,0.07203046955545822,-0.11667326845439663,-0.5,-0.5,,0.0,-0.050405868249026486,0.025202934124513243,1.016184006709057,0.25980248326825867
2022-12-06,20.02482032775879,-0.0024072999056672373,0.07864116741868331,-0.08104846732435055,-0.5,-0.5,,0.0,-0.06342771635920907,0.03171385817960454,1.0484111221822106,0.2433238050501014
2022-12-07,19.78436851501465,0.12690988071667963,0.029093888877448522,0.09781599183923112,-0.5,1.0,1.0,0.0,-0.012007688898502678,0.006003844449251339,1.0547056194786577,0.24040204849745986
2022-12-08,20.486486434936523,0.1008864131945657,0.03879212873004947,0.06209428446451624,1.0,0.5,0.5,1.5,0.03548851808886533,0.03398851808886533,1.090553500504736,0.24893356094416225
2022-12-09,20.092147827148438,0.10764623523145134,0.038520977443788,0.06912525778766335,0.5,1.0,1.0,0.5,-0.019248718370545093,-0.010124359185272547,1.0795123451548698,0.24414190893657114
2022-12-12,20.823118209838867,0.026090868477037565,0.04188279909955605,-0.015791930622518484,1.0,0.0,0.0,0.5,0.03638089809904477,0.03588089809904477,1.1182462176080326,0.2530240108472988
2022-12-13,21.477144241333008,-0.07252618948900036,0.027598830762957473,-0.10012502025195782,0.0,-0.5,-0.5,1.0,0.03140864998716264,-0.001,1.1171279713904245,0.26097115344234967
2022-12-14,20.96738624572754,-0.05979557698872617,0.030725734011507008,-0.09052131100023318,-0.5,-0.5,,0.5,-0.023734905808586726,0.011367452904293363,1.129826870993274,0.2547770276966373
2022-12-15,18.8898868560791,0.07793428043057049,0.05467599676111153,0.023258283669458958,-0.5,0.5,0.5,0.0,-0.09908242092272057,0.049541210461360285,1.185799861794052,0.22953310299695945
2022-12-16,18.33203887939453,0.08760183146650224,0.055074499125411645,0.0325273323410906,0.5,0.5,,1.0,-0.029531567919637625,-0.015765783959818813,1.1671047973534239,0.22275463057599956
2022-12-19,17.57221031188965,0.15612012884857818,0.046591949849499506,0.10952817899907867,0.5,1.0,1.0,0.0,-0.04144812110119078,-0.02072406055059539,1.142917646864181,0.21352186967203451
2022-12-20,17.495267868041992,0.1854006439844944,0.035830107010813884,0.14957053697368053,1.0,1.0,,0.5,-0.004378643464994059,-0.004878643464994059,1.1373417591552806,0.21258693353276176
2022-12-21,18.255094528198242,0.1293576455235078,0.05215366100867457,0.07720398451483323,1.0,1.0,,0.0,0.043430410205047565,0.043430410205047565,1.186736978298725,0.2218196712603228
2022-12-22,16.957653045654297,0.10228932683114389,0.04308407728559239,0.0592052495455515,1.0,1.0,,0.0,-0.07107284383215962,-0.07107284383215962,1.1023922063702507,0.20605431640593688
2022-12-23,17.005990982055664,0.07233499263572718,0.043833190788500724,0.028501801847226456,1.0,0.5,0.5,0.0,0.0028505086329593254,0.0028505086329593254,1.1055345848714162,0.20664167601371053
2022-12-27,16.28089141845703,0.0734864237630305,0.044021433048897746,0.02946499071413275,0.5,0.5,,0.5,-0.04263788945694147,-0.021818944728470735,1.081412986868694,0.19783091107464082
2022-12-28,15.623468399047852,0.10698890026218422,0.044915529891422445,0.06207337037076177,0.5,1.0,1.0,0.0,-0.040380038322956,-0.020190019161478,1.0595792379423439,0.1898424913039815
2022-12-29,16.72562026977539,0.08378342035207242,0.05518650251622271,0.028596917835849715,1.0,0.5,0.5,0.5,0.07054463468526029,0.07004463468526029,1.1337970785841018,0.2032348605007606
2022-12-30,16.72562026977539,0.01368307131029367,0.045865805341479424,-0.03218273403118575,0.5,0.0,0.0,0.5,0.0,-0.0005,1.13323018004481,0.2032348605007606
2023-01-03,16.348569869995117,0.038658206555221786,0.04660485516409991,-0.007946648608878122,0.0,0.0,,0.5,-0.022543283519454005,-0.0005,1.1326635649547876,0.19865327941945526
2023-01-04,16.59993553161621,-0.019596231247970275,0.04256150135552616,-0.062157732603496434,0.0,-0.5,-0.5,0.0,0.015375391463594124,0.0,1.1326635649547876,0.20170765135605614
2023-01-05,15.816824913024902,-0.01237603002345078,0.04442460385671448,-0.056800633880165256,-0.5,0.0,0.0,0.5,-0.04717552168198469,0.023087760840992344,1.1588142304557694,0.1921919876760863
2023-01-06,17.054330825805664,-0.01965311604163822,0.04737456449552234,-0.06702768053716056,0.0,-0.5,-0.5,0.5,0.07823984393743233,-0.0005,1.1582348233405415,0.20722905879788822
2023-01-09,17.412044525146484,-0.0410402869549491,0.04777254871530903,-0.08881283567025813,-0.5,-0.5,,0.5,0.02097494782964726,-0.010987473914823631,1.145508748431847,0.21157567749496084
2023-01-10,17.876108169555664,-0.09343559171888605,0.04462054996022,-0.13805614167910604,-0.5,-1.0,-1.0,0.0,0.02665187558755533,-0.013325937793777665,1.130243770108016,0.21721456612890927
2023-01-11,18.765562057495117,-0.13045993592892313,0.0465650813990647,-0.17702501732798784,-1.0,-1.0,,0.5,0.04975657338291661,-0.050256573382916614,1.0734415911349982,0.22802241862834075
2023-01-12,19.055601119995117,-0.2047677852400791,0.02590413540163165,-0.23067192064171074,-1.0,-1.0,,0.0,0.015455921949545592,-0.015455921949545592,1.0568505616850197,0.23154671533340698
2023-01-13,19.43265724182129,-0.13945586257872256,0.013587201974087432,-0.15304306455281,-1.0,-1.0,,0.0,0.019787154414694585,-0.019787154414694585,1.0359384964277014,0.23612836594392445
2023-01-17,19.53900146484375,-0.12215434761986232,0.01660420654894957,-0.1387585541688119,-1.0,-1.0,,0.0,0.005472448862711143,-0.005472448862711143,1.030269375981087,0.23742056635158812
2023-01-18,18.81390380859375,-0.052460839358491995,0.031399668235883395,-0.08386050759437538,-1.0,-0.5,-0.5,0.0,-0.03711027186085525,0.03711027186085525,1.068502952613659,0.22860982458892246
2023-01-19,18.22415542602539,0.02885107463399872,0.02676854568715565,0.0020825289468430694,-0.5,0.5,0.5,0.5,-0.03134641213053169,0.015173206065265843,1.084715568095011,0.22144372681026953
2023-01-20,19.713027954101562,-0.03450045107297117,0.04785214554353161,-0.08235259661650278,0.5,-0.5,-0.5,1.0,0.08169775187221884,0.03984887593610942,1.1279402641939955,0.23953518145687433
2023-01-23,21.00853729248047,-0.08109441910330761,0.054674953025490164,-0.13576937212879778,-0.5,-1.0,-1.0,1.0,0.06571843460047222,-0.03385921730023611,1.0897490896869653,0.25527705861396016
2023-01-24,20.882854461669922,-0.06877797717780765,0.05550645325044126,-0.12428443042824891,-1.0,-0.5,-0.5,0.5,-0.005982464607639848,0.0054824646076398476,1.0957236005023818,0.25374987264565974
2023-01-25,20.728166580200195,-0.10174723922698359,0.04989504020622205,-0.15164227943320563,-0.5,-1.0,-1.0,0.5,-0.007407410790208457,0.0032037053951042287,1.0992339761128542,0.25187024310101025
2023-01-26,21.9269962310791,-0.20318312253668513,0.04203230875140739,-0.24521543128809253,-1.0,-1.0,,0.5,0.057835778492056455,-0.058335778492056456,1.0351093063713923,0.26643735468974067
2023-01-27,22.555416107177734,-0.14418830834584062,0.03435660471645424,-0.17854491306229486,-1.0,-1.0,,0.0,0.028659642637595573,-0.028659642637595573,1.0054434435599389,0.2740733540604549
2023-01-30,21.2018985748291,-0.009203938363564257,0.04422592636112431,-0.05342986472468857,-1.0,0.0,0.0,0.0,-0.06000853745801249,0.06000853745801249,1.0657786341047186,0.257626612927075
2023-01-31,22.14935874938965,-0.060648044549866054,0.047449907751816865,-0.10809795230168293,0.0,-0.5,-0.5,1.0,0.04468751565887463,-0.001,1.064712855470614,0.2691393062263965
2023-02-01,23.58022117614746,-0.13759319160777017,0.05062267363846978,-0.18821586524623996,-0.5,-1.0,-1.0,0.5,0.06460062537012456,-0.03280031268506228,1.0297899408913724,0.28652587372030314
2023-02-02,26.016555786132812,-0.18650796999076458,0.06061518553979568,-0.24712315553056025,-1.0,-1.0,,0.5,0.10332110932232563,-0.10382110932232563,0.922876006859058,0.31613004484263346
2023-02-03,24.672704696655273,-0.09387051781340272,0.07258879796256544,-0.16645931577596818,-1.0,-1.0,,0.0,-0.05165368930939851,0.05165368930939851,0.9705459573884541,0.29980076172496584
2023-02-06,24.04428482055664,-0.13406281686027977,0.06420874063240116,-0.19827155749268094,-1.0,-1.0,,0.0,-0.025470246729124235,0.025470246729124235,0.995266002385092,0.2921647623542516
2023-02-07,25.533153533935547,-0.15277168169210054,0.06583120902937051,-0.21860289072147104,-1.0,-1.0,,0.0,0.06192193797779333,-0.06192193797779333,0.933637202713996,0.3102561706480483
2023-02-08,24.16029930114746,-0.024600198643886184,0.0715565413499151,-0.09615673999380128,-1.0,0.0,0.0,0.0,-0.05376751567186777,0.05376751567186777,0.9838365556427595,0.29357446713043567
2023-02-09,23.512544631958008,0.0962468350829696,0.047239160349805444,0.04900767473316416,0.0,1.0,1.0,1.0,-0.026810705493151232,-0.001,0.9828527190871168,0.28570352855189274
2023-02-10,23.029144287109375,0.06661452117848699,0.04381395986946358,0.022800561309023408,1.0,0.5,0.5,1.0,-0.02055925262090097,-0.02155925262090097,0.9616631490271782,0.2798296775337116
2023-02-13,24.12162971496582,-0.0032167683500010646,0.050258645684418894,-0.05347541403441996,0.5,0.0,0.0,0.5,0.04743925411366523,0.023219627056832615,0.9839926087018884,0.2931045887147783
2023-02-14,24.64370346069336,0.034835104565522634,0.04045324171681548,-0.0056181371512928485,0.0,0.5,0.5,0.5,0.021643386118460617,-0.0005,0.9835006123975375,0.2994483645014248
2023-02-15,25.194772720336914,-0.04281707797967238,0.031511683392852555,-0.07432876137252493,0.5,0.0,0.0,0.5,0.022361462858961456,0.010680731429480728,0.9940051182992855,0.3061444679824002
2023-02-16,23.754247665405273,-0.010279747991152943,0.04145205585413382,-0.051731803845286764,0.0,0.0,,0.5,-0.05717555267997576,-0.0005,0.9935081157401359,0.2886404888255893
2023-02-17,23.241844177246094,-0.009236117828997248,0.04159645887749005,-0.0508325767064873,0.0,0.0,,0.0,-0.02157102575407699,-0.0,0.9935081157401359,0.28241421740746314
2023-02-21,21.607952117919922,0.1042084480505201,0.04312226951707344,0.06108617853344666,0.0,1.0,1.0,0.0,-0.0702995875398632,-0.0,0.9935081157401359,0.26256061440832523
2023-02-22,21.627288818359375,0.12240102820362031,0.03877049561578529,0.08363053258783501,1.0,1.0,,1.0,0.0008948881566346323,-0.00010511184336536774,0.993403686270692,0.26279557679255794
2023-02-23,22.168697357177734,0.12010726973998731,0.03959884080910775,0.08050842893087956,1.0,1.0,,0.0,0.025033583421642636,0.025033583421642636,1.0182721403223167,0.26937429178703315
2023-02-24,21.047208786010742,0.1139602027193205,0.03833457577682442,0.07562562694249608,1.0,1.0,,0.0,-0.05058883492781674,-0.05058883492781674,0.9667589391039564,0.2557469602060214
2023-02-27,21.501604080200195,0.07487530179509616,0.043353758384308785,0.031521543410787375,1.0,0.5,0.5,0.0,0.02158933751308023,0.02158933751308023,0.9876306241340591,0.2612683676478535
2023-02-28,21.39525604248047,0.009843416640259006,0.03026722466600854,-0.020423808025749533,0.5,0.0,0.0,0.5,-0.004946051342172075,-0.0029730256710860377,0.9846943729349579,0.2599761208873817
2023-03-01,20.873184204101562,0.034868199180733805,0.03181957643908917,0.0030486227416446354,0.0,0.5,0.5,0.5,-0.024401289582247965,-0.0005,0.9842020257484905,0.2536323682771392
2023-03-02,21.37592124938965,0.035761059615503465,0.031585390472716794,0.004175669142786671,0.5,0.5,,0.5,0.02408530679230525,0.011542653396152625,0.9955623286034966,0.25974118167955307
2023-03-03,22.681095123291016,-0.07762959705926686,0.03239013137002273,-0.11001972842928959,0.5,-0.5,-0.5,0.0,0.061058134462327995,0.030529067231163998,1.025955917866247,0.2756004936759472
2023-03-06,22.77777862548828,-0.05935252739879315,0.032499393498329664,-0.09185192089712282,-0.5,-0.5,,1.0,0.004262735184157096,-0.003131367592078548,1.0227432727541395,0.2767753055971107
2023-03-07,21.9269962310791,-0.02485318182417906,0.0392555009868534,-0.06410868281103246,-0.5,0.0,0.0,0.0,-0.037351420803482416,0.018675710401741208,1.0418437299314247,0.2664373546897406
2023-03-08,22.226699829101562,-0.06484471232396039,0.03551202505998824,-0.10035673738394862,0.0,-0.5,-0.5,0.5,0.013668246889086522,-0.0005,1.0413228080664592,0.2700790862341151
2023-03-09,21.0568790435791,0.014925307877416305,0.04492800145093023,-0.030002693573513928,-0.5,0.0,0.0,0.5,-0.052631330540164445,0.025815665270082222,1.068205249117605,0.2558644645745418
2023-03-10,20.18675994873047,0.10997419485266102,0.029609858082967535,0.08036433676969348,0.0,1.0,1.0,0.5,-0.041322320038398974,-0.0005,1.0676711464930464,0.245291551282939
2023-03-13,20.621816635131836,0.09465198629790561,0.0341962604595409,0.06045572583836471,1.0,1.0,,1.0,0.021551585668344364,0.020551585668344363,1.0896134815258176,0.2505779731641343
2023-03-14,22.0236759185791,-0.004409162407889022,0.04932795651344741,-0.05373711892133643,1.0,0.0,0.0,0.0,0.06797942723722139,0.06797942723722139,1.1636847819098974,0.267612120258096
2023-03-15,22.342721939086914,-0.005219943170935437,0.049378302223495825,-0.05459824539443126,0.0,0.0,,1.0,0.014486501785047956,-0.001,1.1625210971279876,0.2714888837159154
2023-03-16,24.111963272094727,-0.14508722884302339,0.04808191488597841,-0.1931691437290018,0.0,-1.0,-1.0,0.0,0.0791864723479665,0.0,1.1625210971279876,0.292987130699066
2023-03-17,23.754247665405273,-0.17672413630198047,0.03910416361188343,-0.2158282999138639,-1.0,-1.0,,1.0,-0.014835606816946512,0.01383560681694651,1.1786052819442556,0.28864048882558935
2023-03-20,24.005615234375,-0.16408828858842828,0.04024536091650492,-0.2043336495049332,-1.0,-1.0,,0.0,0.010582005059070365,-0.010582005059070365,1.1661332748880744,0.2916948839385943
2023-03-21,25.020751953125,-0.13608427792099742,0.0358166226442494,-0.17190090056524682,-1.0,-1.0,,0.0,0.04228746936243355,-0.04228746936243355,1.1168204497537306,0.3040299224063262
2023-03-22,23.99969482421875,-0.07416163928680009,0.04713907974898773,-0.12130071903578782,-1.0,-0.5,-0.5,0.0,-0.04080841098697374,0.04080841098697374,1.1623961176659376,0.2916229443804311
2023-03-23,24.85543441772461,-0.03083411903212041,0.03478777990195623,-0.06562189893407663,-0.5,0.0,0.0,0.5,0.03565626978899372,-0.01832813489449686,1.1410915648205169,0.3020211307619205
2023-03-24,25.1082706451416,-0.05700129925429187,0.032673149217385816,-0.08967444847167769,0.0,0.0,,0.5,0.010172271510840769,-0.0005,1.1405210190381068,0.3050933717060419
2023-03-27,24.592880249023438,-0.024463651896223793,0.035729204416897004,-0.060192856313120796,0.0,0.0,,0.0,-0.0205267182038239,-0.0,1.1405210190381068,0.2988308060391775
2023-03-28,24.184457778930664,0.03342402241791487,0.029711362475156145,0.003712659942758722,0.0,1.0,1.0,0.0,-0.016607345945540142,-0.0,1.1405210190381068,0.2938680194641003
2023-03-29,25.506969451904297,-0.0628039080798859,0.032630502908588634,-0.09543441098847452,1.0,0.0,0.0,1.0,0.054684363199814845,0.053684363199814844,1.2017491636611712,0.3099380049732854
2023-03-30,26.19740104675293,-0.05399087404689862,0.03131809135892169,-0.08530896540582031,0.0,0.0,,1.0,0.02706835071686986,-0.001,1.2005474144975101,0.31832751559238925
2023-03-31,27.48101234436035,-0.09450040318399511,0.035595621794042825,-0.13009602497803793,0.0,-0.5,-0.5,0.0,0.04899765802403988,0.0,1.2005474144975101,0.3339248183410274
2023-04-03,27.286527633666992,-0.10952956129449354,0.032237827369388405,-0.14176738866388194,-0.5,-0.5,,0.5,-0.0070770577246682675,0.0030385288623341338,1.2041953124670615,0.3315616131259286
2023-04-04,27.014245986938477,-0.11700854465602717,0.03036530092565887,-0.14737384558168604,-0.5,-0.5,,0.0,-0.00997861107078224,0.00498930553539112,1.2102034108052455,0.3282530887425438
2023-04-05,26.148775100708008,-0.02516197190786995,0.03226462305272727,-0.057426594960597224,-0.5,0.5,0.5,0.0,-0.03203757331035362,0.01601878665517681,1.229589401052302,0.3177366563476045
2023-04-06,26.67388916015625,-0.018188373440287453,0.0312258804478784,-0.04941425388816585,0.5,0.5,,1.0,0.02008178422988638,0.009040892114943189,1.2407059861728935,0.32411737532230267
2023-04-10,26.61554718017578,0.031493205320806905,0.01863768978066377,0.012855515540143136,0.5,1.0,1.0,0.0,-0.002187231851724758,-0.001093615925862379,1.239349130347102,0.3234084554753003
2023-04-11,26.100154876708984,0.04347833380947397,0.019562798710335255,0.023915535099138713,1.0,1.0,,0.5,-0.019364332432386777,-0.019864332432386778,1.2147302872220977,0.3171458666320318
2023-04-12,25.409725189208984,0.0593953574904621,0.021155143980017388,0.03824021351044471,1.0,1.0,,0.0,-0.026453087759878313,-0.026453087759878313,1.1825969203296294,0.308756379189332
2023-04-13,26.868377685546875,-0.027519552333423958,0.03392760433687108,-0.06144715667029504,1.0,0.0,0.0,0.0,0.0574052842160353,0.0574052842160353,1.2504842326541599,0.32648062689020957
2023-04-14,26.712785720825195,-0.001458226074023239,0.03318818423509581,-0.03464641030911905,0.0,0.5,0.5,1.0,-0.005790895399143348,-0.001,1.2492337484215057,0.3245900117300416
2023-04-17,26.74196434020996,-0.004749748678033461,0.0331486992869938,-0.03789844796502726,0.5,0.5,,0.5,0.0010923091170540467,4.6154558527023316e-05,1.2492914062536613,0.32494456435915897
2023-04-18,26.761411666870117,-0.025335358862227153,0.03116406549976269,-0.05649942436198985,0.5,0.0,0.0,0.0,0.0007272213219922108,0.0003636106609961054,1.249745661927666,0.3251808709748264
2023-04-19,26.703065872192383,-0.05089943607625691,0.02650466074529935,-0.07740409682155626,0.0,0.0,,0.5,-0.0021802211110546477,-0.0005,1.2491207890967022,0.3244719047750159
2023-04-20,26.080705642700195,0.02931595096902284,0.010119953233326718,0.01919599773569612,0.0,1.0,1.0,0.0,-0.023306695660751497,-0.0,1.2491207890967022,0.31690953683996026
2023-04-21,26.12932586669922,0.021841969617983792,0.010701368427279347,0.011140601190704445,1.0,0.5,0.5,1.0,0.0018642219526230352,0.0008642219526230352,1.2502003067041176,0.3175003265555329
2023-04-24,25.973735809326172,0.028727453268220016,0.010258551546578324,0.018468901721641694,0.5,0.5,,0.5,-0.00595461429685562,-0.00347730714842781,1.245852976240649,0.315609734571769
2023-04-25,24.505359649658203,0.08430242938211074,0.023978532808378184,0.06032389657373256,0.5,1.0,1.0,0.0,-0.05653311369790448,-0.02826655684895224,1.2106370022623063,0.29776733356305773
2023-04-26,24.91378402709961,0.06700660716850748,0.028067031951833195,0.03893957521667429,1.0,1.0,,0.5,0.016666736717210417,0.016166736717210417,1.230209051937994,0.302730143314539
2023-04-27,26.926725387573242,-0.0324385297109413,0.049419926335779886,-0.08185845604672118,1.0,-0.5,-0.5,0.0,0.08079629165461522,0.08079629165461522,1.3296053812945239,0.32718961626642395
2023-04-28,27.47128677368164,-0.05135842056655182,0.04959053751890486,-0.10094895808545667,-0.5,-0.5,,1.5,0.02022382515029908,-0.01161191257514954,1.3141661198474837,0.33380664185678954
2023-05-01,27.393489837646484,-0.05466114072857131,0.04934204651685428,-0.1040031872454256,-0.5,-0.5,,0.0,-0.002831936365998322,0.001415968182999161,1.3160269372603632,0.33286132268850355
2023-05-02,26.664167404174805,-0.08809533038404971,0.03992097288929619,-0.1280163032733459,-0.5,-1.0,-1.0,0.0,-0.026623932832003816,0.013311966416001908,1.3335458436517271,0.32399924519087286
2023-05-03,26.13905143737793,-0.04918030151283137,0.043311742803342684,-0.09249204431617405,-1.0,-0.5,-0.5,0.5,-0.01969369449408187,0.01919369449408187,1.359141515168631,0.3176185030397707
2023-05-04,25.847322463989258,0.040086676268557,0.018144384870779847,0.02194229139777715,-0.5,0.5,0.5,0.5,-0.011160656464048624,0.0050803282320243115,1.3660464001794583,0.3140736720407184
2023-05-05,27.432390213012695,0.0014158987523733568,0.03531895349713932,-0.033903054744765966,0.5,0.0,0.0,1.0,0.06132425326575963,0.029662126632879815,1.406566241487971,0.33333400544905056
2023-05-08,27.656051635742188,-0.009584824702943306,0.03542449084708097,-0.04500931555002428,0.0,0.0,,0.5,0.008153187563779918,-0.0005,1.405862958367227,0.33605174011686273
2023-05-09,27.12120819091797,-0.017140635963439177,0.03405571609480052,-0.0511963520582397,0.0,0.0,,0.0,-0.019339110725878017,-0.0,1.405862958367227,0.32955279830511874
2023-05-10,27.996400833129883,-0.07105649568813388,0.032984068275986995,-0.10404056396412087,0.0,-1.0,-1.0,0.0,0.032269677517721584,0.0,1.405862958367227,0.34018736083148765
2023-05-11,28.229787826538086,-0.09217455176907019,0.03026986704126119,-0.12244441881033138,-1.0,-1.0,,1.0,0.008336321329276863,-0.009336321329276864,1.3927373700429828,0.3430232719835376
2023-05-12,27.93805503845215,-0.01843313038029004,0.01990756192435597,-0.03834069230464601,-1.0,0.0,0.0,0.0,-0.010334218233538639,0.010334218233538639,1.4071302219670117,0.3394783946316772
2023-05-15,28.36592674255371,-0.025667984575719283,0.020544981641121642,-0.04621296621684093,0.0,0.0,,1.0,0.015315014001964888,-0.001,1.4057230917450447,0.34467751099882593
2023-05-16,28.472898483276367,-0.0498388671641492,0.015645706089111058,-0.06548457325326026,0.0,-0.5,-0.5,0.0,0.003771135055572916,0.0,1.4057230917450447,0.3459773364434212
2023-05-17,29.49394989013672,-0.053490770686305256,0.01695819198959612,-0.07044896267590138,-0.5,-0.5,,0.5,0.035860465960642074,-0.018430232980321037,1.3798152876583665,0.3583842449401041
2023-05-18,31.079021453857422,-0.10093004045325649,0.025470782770006598,-0.12640082322326307,-0.5,-1.0,-1.0,0.0,0.053742261366314326,-0.026871130683157163,1.3427380907450803,0.37764462470124444
2023-05-19,30.86508560180664,-0.10476858748133733,0.024482117984904177,-0.1292507054662415,-1.0,-1.0,,0.5,-0.006883609651880729,0.006383609651880728,1.3513096065811085,0.37504506651767006
2023-05-22,31.185989379882812,-0.09941725729336137,0.0248318302718293,-0.12424908756519068,-1.0,-1.0,,0.0,0.010396983252085601,-0.010396983252085601,1.3372600632331024,0.3789444037930316
2023-05-23,29.98016929626465,-0.0529370346286866,0.03616533780942481,-0.08910237243811141,-1.0,-0.5,-0.5,0.0,-0.03866544264252214,0.03866544264252214,1.3889658155061775,0.36429235068346744
2023-05-24,29.49394989013672,-0.0,0.03464328093288756,-0.03464328093288756,-0.5,0.5,0.5,0.5,-0.016218034038537277,0.007609017019268638,1.3995344800355463,0.3583842449401042
2023-05-25,31.62358856201172,-0.01752201590268232,0.04195353126123937,-0.05947554716392169,0.5,0.0,0.0,1.0,0.07220595002730334,0.03510297501365167,1.448662303918978,0.3842617198208222
2023-05-26,34.015777587890625,-0.10207948316526183,0.05163632496445448,-0.1537158081297163,0.0,-1.0,-1.0,0.5,0.075645716841654,-0.0005,1.4479379727670187,0.4133294730714751
2023-05-30,34.49226760864258,-0.10601806434566896,0.051481693563472965,-0.15749975790914192,-1.0,-1.0,,1.0,0.014007912049659677,-0.015007912049659677,1.4262074470183688,0.4191193559777925
2023-05-31,33.792118072509766,-0.127149007684892,0.046543245824643344,-0.17369225350953535,-1.0,-1.0,,0.0,-0.020298738954390383,0.020298738954390383,1.4551576596802023,0.41061176158006707
2023-06-01,35.01738357543945,-0.18727344780462474,0.040419580537892214,-0.22769302834251695,-1.0,-1.0,,0.0,0.036258913995877995,-0.036258913995877995,1.4023952232474146,0.42550009812889467
2023-06-02,35.805057525634766,-0.132226263803789,0.03488876301219181,-0.1671150268159808,-1.0,-1.0,,0.0,0.022493797930344783,-0.022493797930344783,1.3708500284772065,0.4350712113555479
2023-06-05,35.882850646972656,-0.05488844270156257,0.02142821445891509,-0.07631665716047766,-1.0,0.0,0.0,0.0,0.002172685277273878,-0.002172685277273878,1.3678716028029836,0.4360164841710258
2023-06-06,35.84395217895508,-0.039188046017995415,0.021942484911670345,-0.06113053092966576,0.0,0.0,,1.0,-0.0010840406298895378,-0.001,1.3665037312001806,0.4355438245868828
2023-06-07,34.015777587890625,-0.006618688858180954,0.03321269814836606,-0.039831387006547016,0.0,0.5,0.5,0.0,-0.05100371136355386,-0.0,1.3665037312001806,0.4133294730714751
2023-06-08,35.18269729614258,-0.004720904414431182,0.032713213969744345,-0.03743411838417553,0.5,0.5,,0.5,0.03430524865224216,0.01665262432612108,1.3892596044761,0.4275088434204923
2023-06-09,35.61056900024414,0.005431873004292154,0.03134344555188033,-0.025911572547588177,0.5,1.0,1.0,0.0,0.0121614241369854,0.0060807120684927,1.3977072921193072,0.432707959787641
2023-06-12,37.42902374267578,-0.04308947220818338,0.039121320018713185,-0.08221079222689656,1.0,0.0,0.0,0.5,0.051065029104678805,0.050565029104678805,1.468382402025142,0.45480420434802304
2023-06-13,38.26531219482422,-0.06755281905801636,0.039001084810111004,-0.10655390386812735,0.0,-0.5,-0.5,1.0,0.022343314586506846,-0.001,1.4669140196231167,0.46496603776103684
2023-06-14,39.08216094970703,-0.14894215922966292,0.014988114951662718,-0.16393027418132564,-0.5,-1.0,-1.0,0.5,0.021346977406689005,-0.011173488703344503,1.45052347239608,0.4748916572639994
2023-06-15,40.45329666137695,-0.14980657454629664,0.015070596421539073,-0.16487717096783572,-1.0,-1.0,,0.5,0.03508341602283371,-0.035583416022833714,1.398908892226925,0.4915524788415653
2023-06-16,39.675350189208984,-0.11414535917516444,0.02605952441952653,-0.14020488359469097,-1.0,-1.0,,0.0,-0.01923073114856222,0.01923073114856222,1.425810933034674,0.4820995652755538
2023-06-20,39.48086166381836,-0.05481943465180783,0.02226256135275139,-0.07708199600455923,-1.0,0.0,0.0,0.0,-0.004901998960642362,0.004901998960642362,1.4328002567464826,0.4797363137076469
2023-06-21,37.89857864379883,0.009583968612570049,0.030308699623310394,-0.020724731010740346,0.0,1.0,1.0,1.0,-0.04007721598106839,-0.001,1.431367456489736,0.46050981784922396
2023-06-22,39.156982421875,-0.001914466097825418,0.03290172302212766,-0.03481618911995308,1.0,0.5,0.5,1.0,0.03320451117451273,0.03220451117451273,1.4774639457370935,0.4758008212419713
2023-06-23,37.99612808227539,0.060740873597269984,0.028485720906904977,0.03225515269036501,0.5,1.0,1.0,0.5,-0.029646164433526412,-0.015323082216763206,1.4548246442242607,0.46169515185782495
2023-06-26,36.49384689331055,0.08018841121064013,0.031080626160104454,0.049107785050535674,1.0,1.0,,0.5,-0.03953774410150057,-0.04003774410150057,1.3965767474062531,0.4434407670907668
2023-06-27,38.29854202270508,0.029946652410496877,0.04317057601001581,-0.013223923599518933,1.0,1.0,,0.0,0.04945203871410264,0.04945203871410264,1.4656403147862027,0.46536981707235076
2023-06-28,38.53266525268555,-0.01673114484968874,0.038570784784738056,-0.055301929634426795,1.0,0.0,0.0,0.0,0.0061131107769498705,0.0061131107769498705,1.4745999363896545,0.46821467431636293
2023-06-29,38.2692756652832,0.02267045879653584,0.03495729961225377,-0.012286840815717931,0.0,1.0,1.0,1.0,-0.006835488427159531,-0.001,1.4731253364532648,0.46501419832864715
2023-06-30,39.99592590332031,-0.05263162121978948,0.037210826429968896,-0.08984244764975838,1.0,-0.5,-0.5,1.0,0.045118445751077374,0.04411844575107737,1.5381173366941159,0.485994916209419
2023-07-03,40.26906967163086,-0.10344820016802125,0.02542008982604229,-0.12886828999406355,-0.5,-1.0,-1.0,1.5,0.006829289787434911,-0.004914644893717455,1.530558036179394,0.48931391632743326
2023-07-05,40.23980712890625,-0.050687702551452274,0.020352592231403063,-0.07104029478285534,-1.0,0.0,0.0,0.5,-0.000726675410264721,0.00022667541026472103,1.530904976050179,0.4889583439365378
2023-07-06,39.29356002807617,-0.019746746569460072,0.02547260998131298,-0.045219356550773054,0.0,0.5,0.5,1.0,-0.023515199707563772,-0.001,1.5293740710741288,0.4774603908301905
2023-07-07,38.89359664916992,-0.016313896017976726,0.02587458152439466,-0.042188477542371386,0.5,0.5,,0.5,-0.010178853191730841,-0.005589426595865421,1.5208257469662403,0.4726003916070635
2023-07-10,38.92287063598633,0.02682911429348611,0.011834731945685314,0.014994382347800797,0.5,1.0,1.0,0.0,0.0007526685454282145,0.00037633427271410724,1.5213980858176497,0.4729561030563832
2023-07-11,39.47890853881836,0.01962203595106049,0.014023301209119685,0.005598734741940805,1.0,1.0,,0.5,0.01428563448035991,0.01378563448035991,1.542371523727851,0.4797125810699021
2023-07-12,40.942176818847656,-0.017454598817817413,0.023276727232314394,-0.04073132605013181,1.0,0.5,0.5,0.0,0.03706455761284566,0.03706455761284566,1.5995388419294745,0.4974929156685744
2023-07-13,42.980995178222656,-0.09384324422403378,0.02489608825447982,-0.1187393324785136,0.5,-0.5,-0.5,0.5,0.04979750755305301,0.024398753776526505,1.6385655962897019,0.5222668228941706
2023-07-14,42.94197082519531,-0.10408844963716657,0.022467473609151245,-0.12655592324631781,-0.5,-1.0,-1.0,1.0,-0.0009079443801970344,-0.0005460278099014828,1.63767089390578,0.5217926336673605
2023-07-17,44.1320915222168,-0.13383444748841988,0.01969843055849124,-0.15353287804691113,-1.0,-1.0,,0.5,0.027714626835972034,-0.028214626835972034,1.591464620754096,0.5362539217952105
2023-07-18,45.18564224243164,-0.1445514558236085,0.018767486355592784,-0.1633189421792013,-1.0,-1.0,,0.0,0.02387266689330758,-0.02387266689330758,1.5534721159903493,0.5490557330404573
2023-07-19,45.18564224243164,-0.10364532990904651,0.021210263624973063,-0.12485559353401958,-1.0,-0.5,-0.5,0.0,0.0,-0.0,1.5534721159903493,0.5490557330404573
2023-07-20,42.01523208618164,0.02246953771164295,0.039325245218228826,-0.016855707506585875,-0.5,1.0,1.0,0.5,-0.07016410520934946,0.03458205260467473,1.607194370425423,0.5105317288216101
2023-07-21,41.64453887939453,0.03021360968927722,0.0393341476224948,-0.009120537933217578,1.0,1.0,,1.5,-0.008822828968949703,-0.010322828968949703,1.5906035778196628,0.5060273946949948
2023-07-24,41.81037902832031,0.05260825883875675,0.0355798773188457,0.017028381519911047,1.0,1.0,,0.0,0.003982278430457953,0.003982278430457953,1.5969378041390232,0.5080425366741095
2023-07-25,42.64931869506836,0.05613118286015073,0.034697460245157276,0.021433722614993454,1.0,1.0,,0.0,0.020065344688212194,0.020065344688212194,1.6289809116247094,0.5182365852887492
2023-07-26,42.21033477783203,0.06584630243023615,0.034184120035243716,0.03166218239499243,1.0,1.0,,0.0,-0.010292870570218215,-0.010292870570218215,1.61221402194,0.5129024431916203
2023-07-27,41.84939956665039,0.0039469618825642705,0.012968810318723746,-0.009021848436159476,1.0,1.0,,0.0,-0.008550872981258562,-0.008550872981258562,1.5984281846197872,0.5085166795481115
2023-07-28,44.112586975097656,-0.059264627778705004,0.02654812231928243,-0.08581275009798743,1.0,-0.5,-0.5,0.0,0.054079328064022825,0.054079328064022825,1.684870106802621,0.5360169198874214
2023-07-31,44.20037841796875,-0.05716282524082272,0.02671029392634134,-0.08387311916716406,-0.5,-0.5,,1.5,0.0019901676344815655,-0.002495083817240783,1.6806662146649851,0.5370836834129158
2023-08-01,43.85894775390625,-0.028362212946153376,0.02735507820064551,-0.05571729114679888,-0.5,0.0,0.0,0.0,-0.00772460952333609,0.003862304761668045,1.6871574597886605,0.5329349216771959
2023-08-02,40.9909553527832,0.028888172327152906,0.04244495283948004,-0.013556780512327136,0.0,1.0,1.0,0.5,-0.06539127243123644,-0.0005,1.6863138810587663,0.49808562902568276
2023-08-03,40.69829559326172,0.027505865921813144,0.04242111554989619,-0.01491524962808305,1.0,0.5,0.5,1.0,-0.007139617923094144,-0.008139617923094145,1.672587930368538,0.4945294879414554
2023-08-04,40.13249588012695,0.09022574661553029,0.0268557373632885,0.06337000925224179,0.5,1.0,1.0,0.5,-0.013902295044228907,-0.007451147522114454,1.660125230955654,0.48765439309202185
2023-08-07,41.12752151489258,0.06952105418687926,0.032528348278522266,0.036992705908356995,1.0,1.0,,0.5,0.024793514904672298,0.024293514904672298,1.700455507997498,0.4997450595554778
2023-08-08,40.073970794677734,0.08629885469359921,0.03266674555830546,0.05363210913529375,1.0,1.0,,0.0,-0.025616683948079477,-0.025616683948079477,1.656895476681355,0.486943248310231
2023-08-09,38.73752212524414,0.054973913346131775,0.022459084734363186,0.03251482861176859,1.0,1.0,,0.0,-0.03334954442825244,-0.03334954442825244,1.6016387673687997,0.4707039128166714
2023-08-10,38.91311264038086,0.04386382591354576,0.023546555082712254,0.020317270830833508,1.0,1.0,,0.0,0.004532827746932533,0.004532827746932533,1.6088987200140918,0.47283753257327654
2023-08-11,38.13270568847656,0.04982969904547252,0.02404142538692764,0.02578827365854488,1.0,1.0,,0.0,-0.020055115074358087,-0.020055115074358087,1.5766320710412218,0.46335472144604395
2023-08-14,39.40087127685547,0.04198284201035252,0.027189847369562984,0.014792994640789533,1.0,0.5,0.5,0.0,0.033256637982605586,0.033256637982605586,1.6290655530596054,0.4787643416747061
2023-08-15,38.19123840332031,0.0469814284440081,0.02808224192085428,0.01889918652315382,0.5,1.0,1.0,0.5,-0.03070066306492336,-0.01585033153246168,1.6032443239554977,0.4640659589334511
2023-08-16,36.923072814941406,0.046839581128507723,0.02805144777786242,0.018788133350645303,1.0,1.0,,0.5,-0.03320566814268722,-0.03370566814268722,1.5492059028206067,0.448656338704789
2023-08-17,35.674415588378906,0.08322893832556322,0.02858403478122716,0.05464490354433606,1.0,1.0,,0.0,-0.03381780364870435,-0.03381780364870435,1.4968151617876055,0.43348376673672384
2023-08-18,35.50857925415039,0.068815637048256,0.02898705447701404,0.03982858257124196,1.0,1.0,,0.0,-0.0046486068935782665,-0.0046486068935782665,1.4898570565081073,0.43146867111041726
2023-08-21,37.22547912597656,0.055211777820678765,0.03523007168271416,0.019981706137964607,1.0,0.5,0.5,0.0,0.048351691559878285,0.048351691559878285,1.5618941653726954,0.4523309112136987
2023-08-22,37.05964279174805,0.02962971767560918,0.03343392233145546,-0.0038042046558462786,0.5,0.5,,0.5,-0.004454914701495172,-0.002727457350747586,1.55763416565026,0.4503158155873921
2023-08-23,38.80580139160156,-0.050990571291192444,0.036023570847804824,-0.08701414213899727,0.5,-0.5,-0.5,0.0,0.04711752376205647,0.023558761881028234,1.5943300980565684,0.47153358172876086
2023-08-24,36.24997329711914,-0.01613362683726005,0.047045528852077204,-0.06317915568933725,-0.5,-0.5,,1.0,-0.0658620103909402,0.0319310051954701,1.6452386607009069,0.440477432069264
2023-08-25,37.10841751098633,-0.04505497799236613,0.04743273161340601,-0.09248770960577214,-0.5,-0.5,,0.0,0.02368123713722592,-0.01184061856861296,1.6257580172652117,0.4509084825916925
2023-08-28,37.937599182128906,-0.019129909751931518,0.04339813700754687,-0.06252804675947839,-0.5,-0.5,,0.0,0.022344840517575015,-0.011172420258787508,1.6075943654572318,0.46098396072322567
2023-08-29,40.35686492919922,-0.08897069396970436,0.050066098531992606,-0.13903679250169698,-0.5,-1.0,-1.0,0.0,0.06376960585871605,-0.031884802929358025,1.5563365359242816,0.49038072620573564
2023-08-30,41.029972076416016,-0.0573154168978407,0.047454895998490954,-0.10477031289633165,-1.0,-1.0,,0.5,0.0166788760325578,-0.0171788760325578,1.529600423508698,0.4985597255468768
2023-08-31,41.400657653808594,-0.14208794898888355,0.02129507756570519,-0.16338302655458875,-1.0,-1.0,,0.0,0.009034507181779228,-0.009034507181779228,1.5157812374972561,0.5030639669678759
2023-09-01,41.25434112548828,-0.11172461378269527,0.025459027096611735,-0.137183640879307,-1.0,-1.0,,0.0,-0.0035341595185228725,0.0035341595185228725,1.5211382501857555,0.5012860586605905
2023-09-05,41.36164855957031,-0.09025477234348456,0.026820734958731926,-0.11707550730221648,-1.0,-0.5,-0.5,0.0,0.002601118601206709,-0.002601118601206709,1.5171815891881903,0.5025899631522982
2023-09-06,40.26906967163086,0.0021754726915081957,0.01640346711106596,-0.014227994419557764,-0.5,0.0,0.0,0.5,-0.02641526452616816,0.012707632263084079,1.5364613748999154,0.48931391632743315
2023-09-07,39.391117095947266,0.03994287340523839,0.015428226531282892,0.024514646873955496,0.0,1.0,1.0,0.5,-0.021802156912060555,-0.0005,1.5356931442124655,0.4786458175444076
2023-09-08,39.508174896240234,0.045711417760395445,0.013916637928323473,0.031794779832071976,1.0,1.0,,1.0,0.002971680138134758,0.001971680138134758,1.5387210398831792,0.4800681998136056
2023-09-11,40.85438537597656,0.009694876674799513,0.024161226600991674,-0.014466349926192161,1.0,0.0,0.0,0.0,0.034074225986694184,0.034074225986694184,1.5911517683266396,0.49642615214307984
2023-09-12,39.54719543457031,0.043868007881425974,0.027358984103431516,0.016509023777994458,0.0,0.5,0.5,1.0,-0.03199631886213394,-0.001,1.589560616558313,0.48054234268760765
2023-09-13,39.93739700317383,0.00823641249131446,0.026252864933043463,-0.018016452441729003,0.5,0.0,0.0,0.5,0.009866731744583301,0.00443336587229165,1.5966077203477016,0.48528372507481987
2023-09-14,40.8738899230957,-0.03764231472635715,0.025231316578343703,-0.06287363130470086,0.0,-0.5,-0.5,0.5,0.02344902247503633,-0.0005,1.5958094164875278,0.4966631540508687
2023-09-15,38.77654266357422,0.018518502426079997,0.03679106799763727,-0.01827256557155727,-0.5,0.0,0.0,0.5,-0.05131264148011472,0.02515632074005736,1.6359541100086918,0.4711780556906735
2023-09-18,38.86433410644531,0.048710836088148635,0.031038169009371074,0.01767266707877756,0.0,0.5,0.5,0.5,0.0022640348221030226,-0.0005,1.6351361329536875,0.472244819216168
2023-09-19,38.630218505859375,0.02318690159022907,0.02840307315734367,-0.0052161715671146,0.5,0.5,,0.5,-0.006023918998450339,-0.0035119594992251697,1.6293936010790346,0.469400054677772
2023-09-20,36.955238342285156,0.07467083196863533,0.0315428414718431,0.04312799049679223,0.5,1.0,1.0,0.0,-0.04335932408252263,-0.021679662041261316,1.5940688984754474,0.44904718558264467
2023-09-21,34.850502014160156,0.14736517420457318,0.027245274921405112,0.12011989928316807,1.0,1.0,,0.5,-0.05695366672055002,-0.05745366672055002,1.5024837952528447,0.42347230183316975
2023-09-22,34.8798713684082,0.10049042610563774,0.027543519931269907,0.07294690617436783,1.0,1.0,,0.0,0.0008427239939359232,0.0008427239939359232,1.5037499743976042,0.42382917210269183
2023-09-25,35.33997344970703,0.09068367534833943,0.03012797231156841,0.06055570303677102,1.0,1.0,,0.0,0.013191048683612872,0.013191048683612872,1.5235860135178645,0.4294199233454338
2023-09-26,33.76387405395508,0.1259724806155621,0.031071228713760467,0.09490125190180163,1.0,1.0,,0.0,-0.044598205428618365,-0.044598205428618365,1.455636811498825,0.4102685653889326
2023-09-27,33.96944808959961,0.08079477732035423,0.0320871917237098,0.048707585596644426,1.0,1.0,,0.0,0.0060885796255494284,0.0060885796255494284,1.4644995721315164,0.41276651821716304
2023-09-28,34.79176712036133,0.0016853385289820055,0.026394973467106182,-0.024709634938124177,1.0,-0.5,-0.5,0.0,0.024207606452501862,0.024207606452501862,1.4999516014235335,0.42275860764693357
2023-09-29,34.870079040527344,0.00028074438054637163,0.026414433870931776,-0.026133689490385404,-0.5,-0.5,,1.5,0.0022508750387726373,-0.0026254375193863187,1.4960135722118926,0.42371018444431235
2023-10-02,35.70218276977539,-0.01024928104668299,0.028101080795889195,-0.038350361842572185,-0.5,-0.5,,0.0,0.023862972271469385,-0.011931486135734692,1.4781639070161754,0.4338211688268462
2023-10-03,33.81281661987305,-0.00144955421406201,0.03160576358336336,-0.03305531779742537,-0.5,-0.5,,0.0,-0.05292018591932801,0.026460092959664006,1.5172762614054438,0.4108632719167893
2023-10-04,35.18334197998047,-0.03573487232347805,0.03645602125374021,-0.07219089357721825,-0.5,-0.5,,0.0,0.040532717978363,-0.0202663589891815,1.4865265960060379,0.42751667704505997
2023-10-05,34.811344146728516,-0.0005626913487739582,0.035804181086344804,-0.03636687243511876,-0.5,-0.5,,0.0,-0.01057312387957976,0.00528656193978988,1.494385210930969,0.42299649025807623
2023-10-06,36.563655853271484,-0.04856819540832702,0.04222981341251065,-0.09079800882083766,-0.5,-1.0,-1.0,0.0,0.05033737563126084,-0.02516868781563042,1.4567734960807524,0.444289023478902
2023-10-09,37.102081298828125,-0.03921044654552208,0.04168756426306736,-0.08089801080858944,-1.0,-0.5,-0.5,0.5,0.014725700507556505,-0.015225700507556506,1.4345930991220808,0.45083149057744704
2023-10-10,37.70903015136719,-0.11522889605133324,0.023936544814030406,-0.13916544086536364,-0.5,-1.0,-1.0,0.5,0.016358889617285044,-0.008679444808642522,1.4221416274953913,0.45820659316779955
2023-10-11,38.51176071166992,-0.09460211976404476,0.021710817308244333,-0.1163129370722891,-1.0,-1.0,,0.5,0.021287488887423267,-0.021787488887423268,1.3911567325899934,0.46796066092800315
2023-10-12,38.06145095825195,-0.0933634391658178,0.022087227689093585,-0.11545066685491139,-1.0,-1.0,,0.0,-0.011692785401045458,0.011692785401045458,1.407423229723388,0.4624888973436406
2023-10-13,36.62239074707031,-0.0016063736633593617,0.02501099877341065,-0.026617372436770013,-1.0,-0.5,-0.5,0.0,-0.03780886369151004,0.03780886369151004,1.4606363027722642,0.44500271766513816
2023-10-16,37.855865478515625,-0.02031649312652739,0.028836316958111587,-0.04915281008463898,-0.5,-0.5,,0.5,0.033680890468462676,-0.01734044523423134,1.4353082189569115,0.4599908054569859
2023-10-17,37.49365997314453,0.005711368798352656,0.02846916657275324,-0.022757797774400585,-0.5,0.0,0.0,0.0,-0.009568015439421318,0.004784007719710659,1.4421747445565654,0.4555896063283816
2023-10-18,35.90776443481445,0.06761561218535506,0.03026955694748924,0.03734605523786581,0.0,1.0,1.0,0.5,-0.04229769885004564,-0.0005,1.441453657184287,0.4363192143606929
2023-10-19,34.94839859008789,0.08179016537174688,0.030782103511135514,0.05100806186061137,1.0,1.0,,1.0,-0.026717504133908387,-0.02771750413390839,1.4015001594824443,0.4246618539473074
2023-10-20,33.37229537963867,0.08874612774130919,0.03218185811909544,0.056564269622213746,1.0,1.0,,0.0,-0.04509800946634035,-0.04509800946634035,1.3382952920230275,0.4055104496379981
2023-10-23,33.665977478027344,0.11068002137914856,0.02272778949881445,0.08795223188033412,1.0,1.0,,0.0,0.008800176764822032,0.008800176764822032,1.3500725271563594,0.40907901327479496
2023-10-24,34.61555480957031,0.07676244905500584,0.032483302698113024,0.04427914635689282,1.0,1.0,,0.0,0.028205844673980573,0.028205844673980573,1.38815246315594,0.42061743238260907
2023-10-25,32.080081939697266,0.1065976274314101,0.040775336816871274,0.06582229061453883,1.0,1.0,,0.0,-0.07324663388529751,-0.07324663388529751,1.286474967910183,0.3898086213071062
2023-10-26,30.210294723510742,0.13557427686889711,0.04407409103779742,0.0915001858310997,1.0,1.0,,0.0,-0.05828498878840982,-0.05828498878840982,1.2114927888289682,0.36708863018459603
2023-10-27,30.641029357910156,0.08184231832596489,0.046232909167106734,0.03560940915885816,1.0,0.5,0.5,0.0,0.0142578759439973,0.0142578759439973,1.228766102719139,0.3723225343342199
2023-10-30,31.62976837158203,0.06048269674552831,0.05039118152884482,0.010091515216683486,0.5,0.0,0.0,0.5,0.03226846598796218,0.01563423299398109,1.2479769182641562,0.3843368113699356
2023-10-31,32.08987045288086,0.07296385600588917,0.048024635082589875,0.024939220923299296,0.0,0.5,0.5,0.5,0.01454648911410339,-0.0005,1.2473529298050243,0.3899275626126776
2023-11-01,33.744293212890625,-0.05187677750704234,0.04159520732355731,-0.09347198483059965,0.5,-1.0,-1.0,0.5,0.05155591894454781,0.025277959472273903,1.2788834666122577,0.4100306364249819
2023-11-02,35.535762786865234,-0.1762799109407569,0.01897461232017262,-0.1952545232609295,-1.0,-1.0,,1.5,0.05308955688217676,-0.05458955688217676,1.2090697848659524,0.4317989812209011
2023-11-03,36.788822174072266,-0.2006392391179581,0.015809204491924748,-0.21644844360988286,-1.0,-1.0,,0.0,0.03526192457785626,-0.03526192457785626,1.1664356573026442,0.4470250443295077
2023-11-06,37.20976638793945,-0.17641602527101674,0.01973664065344772,-0.19615266592446445,-1.0,-1.0,,0.0,0.01144217697091321,-0.01144217697091321,1.1530890940866039,0.4521399839971562
2023-11-07,38.25723648071289,-0.19219043083666798,0.01731500139184426,-0.20950543222851223,-1.0,-1.0,,0.0,0.028150407660526122,-0.028150407660526122,1.1206291660191592,0.4648679088662999
2023-11-08,38.32577133178711,-0.13577045724419912,0.020138415180665583,-0.1559088724248647,-1.0,-1.0,,0.0,0.0017914218950123573,-0.0017914218950123573,1.118621646394963,0.4657006834165316
2023-11-09,37.415348052978516,-0.052892779518666,0.02331727674792244,-0.07621005626658844,-1.0,-0.5,-0.5,0.0,-0.023754858602245466,0.023754858602245466,1.1451943454344864,0.4546380295310028
2023-11-10,39.911659240722656,-0.08488548646309413,0.03361311203914689,-0.11849859850224101,-0.5,-1.0,-1.0,0.5,0.06671890862031993,-0.033859454310159964,1.1064186898189938,0.4849709826786041
2023-11-13,39.54944610595703,-0.06287810822633721,0.035633047632103926,-0.09851115585844114,-1.0,-0.5,-0.5,0.5,-0.009075371499365104,0.008575371499365103,1.1159066411180325,0.4805696908443836
2023-11-14,42.035972595214844,-0.098771800111777,0.042165167336079425,-0.14093696744785641,-0.5,-1.0,-1.0,0.5,0.0628713353556496,-0.0319356676778248,1.0802694174678094,0.5107837490392217
2023-11-15,42.153446197509766,-0.09987208952916782,0.042060845556095516,-0.14193293508526333,-1.0,-1.0,,0.5,0.00279459698544704,-0.00329459698544704,1.0767103651015493,0.5122111837645021
2023-11-16,42.22197341918945,-0.12846667521053035,0.03665813387557075,-0.1651248090861011,-1.0,-1.0,,0.0,0.0016256611940719257,-0.0016256611940719257,1.0749599988437486,0.5130438656091177
2023-11-17,42.251338958740234,-0.058621459556618793,0.028948165585304515,-0.0875696251419233,-1.0,-0.5,-0.5,0.0,0.0006955037193367986,-0.0006955037193367986,1.0742123601664144,0.5134006895258318
2023-11-20,43.758914947509766,-0.10643559533741986,0.02778247732008459,-0.13421807265750446,-0.5,-0.5,,0.5,0.03568114114068033,-0.018340570570340164,1.0545106925672507,0.5317194119905256
2023-11-21,42.96596908569336,-0.022123824740155618,0.019426796310345665,-0.04155062105050128,-0.5,0.0,0.0,0.0,-0.018120784365141862,0.009060392182570931,1.0640649730026246,0.5220842391830853
2023-11-22,43.46522903442383,-0.031119231171935713,0.019628978851842803,-0.050748210023778516,0.0,0.0,,0.5,0.011619892658180753,-0.0005,1.0635329405161233,0.5281508020009208
2023-11-24,43.24986267089844,-0.024344888892422478,0.02023211412770513,-0.04457700302012761,0.0,0.0,,0.0,-0.004954911507651816,-0.0,1.0635329405161233,0.5255338615143109
2023-11-27,43.12260055541992,-0.020620922748282755,0.02048869187629282,-0.041109614624575574,0.0,0.0,,0.0,-0.0029424860015601073,-0.0,1.0635329405161233,0.5239874854834592
2023-11-28,43.46522903442383,0.006711453276166068,0.011740916249879814,-0.005029462973713745,0.0,0.5,0.5,0.0,0.007945450288035616,0.0,1.0635329405161233,0.5281508020009208
2023-11-29,43.30860137939453,-0.007974504031732943,0.007604929032234053,-0.015579433063966995,0.5,0.0,0.0,0.5,-0.0036035161555285633,-0.0023017580777642817,1.061084944979322,0.5262476020533551
2023-11-30,42.94639205932617,0.011936828279145772,0.006141255510410686,0.005795572768735087,0.0,0.5,0.5,0.5,-0.008363449950630208,-0.0005,1.0605544025068325,0.5218463565719427
2023-12-01,43.30860137939453,-0.0013581247400265006,0.007507013325453903,-0.008865138065480404,0.5,0.5,,0.5,0.008433987180296754,0.003716993590148377,1.064496476422954,0.526247602053355
2023-12-04,42.07512664794922,0.02429060154024154,0.01510385856718494,0.009186742973056602,0.5,0.5,,0.0,-0.02848105669910128,-0.01424052834955064,1.0493374841724563,0.5112595142615073
2023-12-05,42.37860107421875,0.024999936370851406,0.014951895029313834,0.010048041341537571,0.5,0.5,,0.0,0.007212680042742559,0.0036063400213712793,1.0531217519375524,0.5149470655566836
2023-12-06,41.624813079833984,0.03887884267631103,0.01594276105842273,0.0229360816178883,0.5,0.5,,0.0,-0.01778699568361486,-0.00889349784180743,1.0437558159095355,0.5057877043243367
2023-12-07,43.367340087890625,-0.009801708790413866,0.02728513704869567,-0.03708684583910954,0.5,0.0,0.0,0.0,0.04186269869163306,0.02093134934581653,1.0656030335240658,0.5269613425923992
2023-12-08,43.88618087768555,-0.013336369217543442,0.02752976779768154,-0.040866137015224985,0.0,0.0,,0.5,0.011963860101712687,-0.0005,1.0650702320073038,0.5332658343741854
2023-12-11,45.00217819213867,-0.06956726639662114,0.02217678511364353,-0.09174405151026467,0.0,-0.5,-0.5,0.0,0.025429355941532172,0.0,1.0650702320073038,0.5468264410879446
2023-12-12,46.08881759643555,-0.08754929205234974,0.022224426534935136,-0.10977371858728488,-0.5,-0.5,,0.5,0.024146373530130605,-0.012573186765065303,1.0516789050623645,0.5600303165906061
2023-12-13,47.713863372802734,-0.14628414742164253,0.011435969002096232,-0.15772011642373876,-0.5,-1.0,-1.0,0.0,0.03525900340070498,-0.01762950170035249,1.0331383300173427,0.5797764274277721
2023-12-14,47.63555145263672,-0.0984199481936383,0.014210399544817624,-0.11263034773845593,-1.0,-0.5,-0.5,0.5,-0.001641282315668735,0.001141282315668735,1.0343174325230309,0.5788248506303934
2023-12-15,48.203338623046875,-0.09837168919741757,0.014215940536052222,-0.1125876297334698,-0.5,-0.5,,0.5,0.011919399547094534,-0.006459699773547267,1.0276360524383858,0.5857240952928443
2023-12-18,49.21165084838867,-0.09353930910360564,0.013845997064055883,-0.10738530616766152,-0.5,-0.5,,0.0,0.02091789187522597,-0.010458945937612985,1.0168880625223908,0.5979762085868946
2023-12-19,49.94586181640625,-0.08368720269076735,0.013451308132696863,-0.09713851082346421,-0.5,-0.5,,0.0,0.014919454140637,-0.0074597270703185,1.0093023551149087,0.6068976872080988
2023-12-20,47.726680755615234,-0.00026863016126688066,0.0263558621080171,-0.02662449226928398,-0.5,0.5,0.5,0.0,-0.044431730279245185,0.022215865139622593,1.031724880121245,0.5799321728629708
2023-12-21,49.3097038269043,-0.035145019281075385,0.03004244426815598,-0.06518746354923137,0.5,0.0,0.0,1.0,0.03316851384228747,0.015584256921143735,1.0478035457249908,0.5991676611661642
2023-12-22,49.506343841552734,-0.02703143092837279,0.02994671463099328,-0.056978145559366075,0.0,0.0,,0.5,0.0039878563322690574,-0.0005,1.0472796439521284,0.6015570557178365
2023-12-26,50.41093826293945,-0.024369989501989098,0.02963261271340229,-0.05400260221539139,0.0,0.0,,0.0,0.018272293027372655,0.0,1.0472796439521284,0.6125488825125963
2023-12-27,50.67640686035156,-0.014626738179645216,0.029150228054192602,-0.04377696623383782,0.0,0.0,,0.0,0.005266091180994303,0.0,1.0472796439521284,0.6157746207807239
2023-12-28,50.548587799072266,-0.05912640474426922,0.014205770705155059,-0.07333217544942428,0.0,0.0,,0.0,-0.0025222597496212806,-0.0,1.0472796439521284,0.6142214772398903
2023-12-29,49.850486755371094,-0.010967069085735082,0.01172117916572353,-0.022688248251458612,0.0,0.5,0.5,0.0,-0.0138104954875512,-0.0,1.0472796439521284,0.6057387743001118
